Shop Code,Recency,Frequency,Monetary,Volatility,First_Year,True_Churn,R_Score,F_Score,M_Score,V_Score
Shop 001,13,8,18084.15,5.975869082275512,2023,0,4,2,3,2
Shop 002,2,23,231269.11,17.16378772784738,2023,0,5,5,5,1
Shop 003,12,10,48004.1,9.243819721260301,2023,0,4,3,4,1
Shop 004,6,58,637711.04,5.845452638277469,2023,0,5,5,5,2
Shop 005,7,23,48212.87,4.486589174503178,2023,0,5,5,4,3
Shop 007,0,23,28780.05,5.107417872075704,2023,0,5,5,4,3
Shop 008,16,9,6436.47,3.280131824991827,2023,1,3,2,1,5
Shop 009,0,12,16440.08,4.344620081701432,2023,0,5,3,3,4
Shop 010,6,25,12825.26,2.0752884716133093,2023,0,5,5,2,5
Shop 011,22,16,49240.72,6.394913925962815,2023,0,3,4,4,2
Shop 012,113,4,7081.49,5.491103091537192,2023,0,1,1,2,2
Shop 013,2,7,11470.25,5.135267526342221,2023,0,5,2,2,3
Shop 014,12,11,10612.56,3.7356270010413333,2023,0,4,3,2,4
Shop 015,34,23,50114.61,7.548326745701902,2023,0,2,5,4,1
Shop 016,22,7,16631.09,6.151574921117009,2023,0,3,2,3,2
Shop 017,6,12,11703.56,3.7381982109483607,2023,0,5,3,2,4
Shop 018,13,12,23063.57,5.208206800909342,2023,0,4,3,3,3
Shop 019,7,17,32951.04,4.401751959018947,2023,0,5,4,4,4
Shop 020,14,6,12501.43,4.797903568660417,2023,0,3,2,2,3
Shop 021,16,16,23682.53,4.789115774777809,2023,0,3,4,3,3
Shop 022,15,6,36789.38,2.789388075253807,2023,1,3,2,4,5
Shop 023,84,6,9855.43,4.7266676019556675,2023,1,1,2,2,3
Shop 024,65,4,4305.21,3.939081086343804,2023,0,1,1,1,4
Shop 025,2,18,71027.98,7.970148680314649,2023,0,5,4,5,1
Shop 026,7,20,33982.97,4.728046322619939,2023,0,5,5,4,3
Shop 027,20,10,8966.36,3.207565599763192,2023,0,3,3,2,5
Shop 028,72,5,6685.03,5.709577630420241,2023,0,1,1,2,2
Shop 030,35,6,5019.62,3.3826382753136004,2023,0,2,2,1,5
Shop 031,5,1,2833.82,0.0,2024,0,5,1,1,5
Shop 032,34,2,7441.55,1.7320508075688772,2024,0,2,1,2,5
Shop 033,79,3,24187.69,7.622677274626704,2023,1,1,1,3,1
Shop 034,29,16,19650.93,4.7159931343834405,2023,0,2,4,3,3
Shop 035,85,12,46328.8,5.909258077018346,2023,1,1,3,4,2
Shop 037,0,27,30037.27,3.4549211632209498,2023,0,5,5,4,5
Shop 038,65,59,110684.22,9.085636316577261,2023,1,1,5,5,1
Shop 039,27,22,40077.21,5.413320807062955,2023,0,2,5,4,2
Shop 040,124,3,2064.4,3.735563482222081,2023,1,1,1,1,4
Shop 041,16,9,8679.83,2.577535560171417,2023,0,3,2,2,5
Shop 042,16,11,5938.02,2.679707742227948,2023,0,3,3,1,5
Shop 043,44,9,5997.07,3.635700421600675,2023,0,2,2,1,4
Shop 044,134,3,2279.96,2.960584193419655,2023,1,1,1,1,5
Shop 045,14,23,21512.0,4.797059521474752,2023,0,3,5,3,3
Shop 046,43,1,2617.31,0.0,2024,0,2,1,1,5
Shop 047,22,2,8045.69,7.41619848709566,2024,0,3,1,2,1
Shop 048,78,3,5982.92,6.084490630658238,2024,0,1,1,1,2
Shop 049,35,3,2069.63,3.9452719881487206,2023,1,2,1,1,4
Shop 050,401,1,473.66999999999996,0.0,2023,1,1,1,1,5
Shop 051,12,11,21376.34,4.719927530125323,2023,0,4,3,3,3
Shop 052,14,18,69909.8,5.485740118941806,2023,0,3,4,5,2
Shop 053,2,13,23325.45,4.41606183042215,2023,0,5,4,3,4
Shop 054,9,9,18277.6,6.181410964582693,2023,0,4,2,3,2
Shop 055,9,12,14352.03,3.595038409117202,2023,0,4,3,3,4
Shop 056,44,11,38776.89,5.927560954867071,2023,0,2,3,4,2
Shop 057,33,6,7080.95,3.6784300148301843,2023,0,2,2,2,4
Shop 059,49,3,6217.2,5.668834306800579,2023,0,2,1,1,2
Shop 060,49,4,5424.43,4.90601522017769,2023,0,2,1,1,3
Shop 061,219,2,1272.1,3.605551275463989,2023,0,1,1,1,4
Shop 062,13,3,6460.8,5.316476376582963,2023,0,4,1,1,3
Shop 063,16,11,35131.91,7.514054714449089,2023,0,3,3,4,1
Shop 064,78,7,24932.36,8.746201372186217,2023,0,1,2,4,1
Shop 065,7,6,21223.94,5.005243743989697,2023,0,5,2,3,3
Shop 066,14,20,39391.82,5.245942451280659,2023,0,3,5,4,3
Shop 067,0,14,20478.3,5.0068132202891515,2023,0,5,4,3,3
Shop 068,41,14,16651.15,4.1820053980153125,2023,0,2,4,3,4
Shop 069,23,6,6846.6900000000005,4.395694580514125,2023,0,3,2,2,4
Shop 070,29,8,10803.800000000001,4.498941341381912,2023,0,2,2,2,3
Shop 071,26,9,24879.73,6.186838068819354,2023,0,2,2,4,2
Shop 072,16,7,10635.43,3.95037574940502,2023,0,3,2,2,4
Shop 073,15,11,20072.86,4.1038815703075135,2023,0,3,3,3,4
Shop 074,8,9,8095.78,4.97309451915942,2023,0,4,2,2,3
Shop 075,79,9,33116.86,7.380345307324426,2023,0,1,2,4,1
Shop 077,26,7,7425.15,4.8800058172980485,2023,1,2,2,2,3
Shop 078,27,22,66460.86,6.917187722404152,2023,0,2,5,5,1
Shop 079,14,11,29431.59,1.8818118915670219,2023,1,3,3,4,5
Shop 080,22,6,13083.08,5.4266035529706915,2023,0,3,2,2,2
Shop 081,8,23,135465.06,7.481502819454793,2023,0,4,5,5,1
Shop 082,71,25,98269.66,2.9372483793314283,2023,1,1,5,5,5
Shop 083,7,8,7860.23,4.2804562569008,2023,0,5,2,2,4
Shop 084,20,5,6000.68,4.795280777305166,2023,0,3,1,1,3
Shop 086,6,2,63037.450000000004,4.358898943540674,2023,0,5,1,5,4
Shop 087,0,9,63715.96,5.934750607200115,2023,0,5,2,5,2
Shop 089,174,4,2955.93,4.937213165607535,2023,1,1,1,1,3
Shop 090,0,22,60993.6,4.963280382234819,2023,0,5,5,5,3
Shop 091,9,41,267763.45,8.034771331910033,2023,0,4,5,5,1
Shop 093,26,8,42360.85,8.834981267693864,2023,0,2,2,4,1
Shop 094,35,5,9663.55,4.62485890310533,2023,0,2,1,2,3
Shop 095,5,8,5573.4,1.8428618854883112,2023,0,5,2,1,5
Shop 096,196,2,2560.14,5.47722557505166,2023,1,1,1,1,2
Shop 097,5,19,31826.36,7.396239942303793,2023,0,5,4,4,1
Shop 098,175,2,2806.45,6.855654600401044,2023,0,1,1,1,1
Shop 099,34,4,3479.72,3.7244586288733705,2023,0,2,1,1,4
Shop 100,12,13,23576.27,3.6739496707612727,2023,0,4,4,3,4
Shop 101,5,13,14719.84,3.805566312492388,2023,0,5,4,3,4
Shop 102,28,15,58003.84,6.366013461992375,2023,0,2,4,5,2
Shop 103,37,9,20569.94,1.6747445657389424,2023,0,2,2,3,5
Shop 104,9,17,20287.08,4.418772164895515,2023,0,4,4,3,4
Shop 105,9,50,399794.32,5.5817116417349375,2023,0,4,5,5,2
Shop 106,48,9,12289.78,4.346119107218599,2023,0,2,2,2,4
Shop 107,16,12,36867.51,7.076362035067458,2023,0,3,3,4,1
Shop 108,8,18,23935.25,4.603307989265073,2023,0,4,4,3,3
Shop 109,5,12,10652.67,2.367768338393112,2023,0,5,3,2,5
Shop 110,7,21,291514.8,9.45983992674528,2023,0,5,5,5,1
Shop 111,49,11,13918.58,4.808217120368611,2023,0,2,3,2,3
Shop 112,27,11,19062.52,7.046617550778967,2023,0,2,3,3,1
Shop 113,35,9,19340.33,7.617417043136075,2023,0,2,2,3,1
Shop 114,7,20,46540.0,2.1488888974297433,2023,0,5,5,4,5
Shop 115,14,7,31808.13,4.31444129281695,2023,0,3,2,4,4
Shop 116,48,8,13672.33,4.4215846976124995,2023,0,2,2,2,4
Shop 117,62,3,580.86,2.277049861296205,2023,1,1,1,1,5
Shop 121,9,3,5390.36,6.69730786094455,2024,0,4,1,1,2
Shop 122,9,3,4195.98,5.168156818243738,2024,0,4,1,1,3
Shop 123,21,1,1210.71,0.0,2024,1,3,1,1,5
Shop 124,36,1,2984.9300000000003,0.0,2024,0,2,1,1,5
Shop 125,30,3,6020.7300000000005,8.350496780746694,2024,0,2,1,1,1
Shop 126,27,7,33118.33,7.068404227398983,2023,1,2,2,4,1
Shop 127,33,8,20270.39,5.113745559341799,2023,1,2,2,3,3
Shop 128,44,10,32778.39,8.355016309197808,2023,0,2,3,4,1
Shop 129,8,6,6168.7300000000005,4.430058014430344,2023,1,4,2,1,4
Shop 130,29,10,15339.130000000001,5.461890842324561,2023,0,2,3,3,2
Shop 131,9,23,91150.04,6.888978569203861,2023,0,4,5,5,1
Shop 132,7,8,34207.92,8.38593776266079,2023,0,5,2,4,1
Shop 133,35,5,6808.62,5.177432679319567,2023,1,2,1,2,3
Shop 134,15,8,13469.56,5.321879246967865,2023,0,3,2,2,3
Shop 135,317,7,36029.7,8.625531728445594,2023,1,1,2,4,1
Shop 136,47,8,20699.09,7.029012273293419,2023,0,2,2,3,1
Shop 137,14,9,12284.49,4.693608480243923,2023,0,3,2,2,3
Shop 138,335,2,2003.48,3.7416573867739413,2023,0,1,1,1,4
Shop 139,84,14,14101.880000000001,3.3210671338906383,2023,0,1,4,3,5
Shop 140,9,24,71912.93000000001,5.556732421666434,2023,0,4,5,5,2
Shop 141,48,7,10859.84,5.118631313641181,2023,0,2,2,2,3
Shop 142,9,11,20295.47,5.1105553981751,2023,0,4,3,3,3
Shop 143,20,7,28126.010000000002,7.2877951525214515,2023,1,3,2,4,1
Shop 144,447,2,6813.78,5.5677643628300215,2023,1,1,1,2,2
Shop 145,106,2,1456.94,4.7958315233127236,2023,0,1,1,1,3
Shop 146,0,30,548726.98,1.6626530493614384,2023,0,5,5,5,5
Shop 147,30,11,13810.28,4.568584453179926,2023,0,2,3,2,3
Shop 148,21,10,18376.95,7.1535112080114684,2023,0,3,3,3,1
Shop 149,27,10,12453.58,3.5640117319749662,2023,0,2,3,2,4
Shop 150,26,16,18824.0,4.071844178218295,2023,0,2,4,3,4
Shop 151,5,6,9957.11,5.23935167611572,2023,0,5,2,2,3
Shop 152,9,6,27596.36,8.665412185477939,2023,0,4,2,4,1
Shop 153,146,4,10603.97,6.79687498723288,2023,1,1,1,2,1
Shop 154,20,8,14027.78,7.994518865560613,2023,0,3,2,3,1
Shop 155,8,12,845422.7999999999,5.338809732541218,2023,1,4,3,5,3
Shop 156,254,1,459.06,0.0,2023,1,1,1,1,5
Shop 157,13,8,12316.43,4.407530232604506,2023,0,4,2,2,4
Shop 158,14,5,11839.41,5.282907729624359,2023,0,3,1,2,3
Shop 159,6,21,52843.65,4.718817845462567,2023,0,5,5,5,3
Shop 160,61,22,23475.59,5.5071606247440315,2023,0,1,5,3,2
Shop 161,9,12,24243.77,6.97058294427937,2023,1,4,3,3,1
Shop 162,42,5,5640.14,4.5542608825644475,2023,0,2,1,1,3
Shop 163,8,8,12256.13,3.644817653656694,2023,0,4,2,2,4
Shop 164,5,13,17048.760000000002,3.6213274536086884,2023,0,5,4,3,4
Shop 165,9,10,43452.32,2.1774738089163086,2023,0,4,3,4,5
Shop 166,2,48,139279.91,7.213715692417283,2023,0,5,5,5,1
Shop 167,21,24,24501.48,3.876325616363272,2023,0,3,5,4,4
Shop 168,13,7,13278.5,4.254677323484864,2023,0,4,2,2,4
Shop 169,6,6,2656.25,2.3966873338617622,2023,0,5,2,1,5
Shop 170,8,18,146953.51,5.5680659049530306,2023,0,4,4,5,2
Shop 171,8,11,7641.08,3.359969792082869,2023,0,4,3,2,5
Shop 172,2,31,280801.29,3.4384371759698924,2023,0,5,5,5,5
Shop 173,9,7,6018.32,4.281942964886102,2023,1,4,2,1,4
Shop 174,281,8,22118.1,5.3599977616724885,2023,1,1,2,3,3
Shop 175,9,25,70091.43000000001,6.734064107876307,2023,0,4,5,5,2
Shop 176,0,56,416951.75,2.776425737149946,2023,0,5,5,5,5
Shop 177,34,9,16133.14,1.4836191295024466,2023,0,2,2,3,5
Shop 178,13,24,30695.72,3.895456894837737,2023,0,4,5,4,4
Shop 179,0,19,50035.82,4.3874361715367955,2023,0,5,4,4,4
Shop 180,8,37,229528.17,5.993403610401922,2023,0,4,5,5,2
Shop 181,20,9,8613.27,3.6313886422516664,2023,0,3,2,2,4
Shop 182,41,20,18562.88,2.0942343241111585,2023,0,2,5,3,5
Shop 183,7,2,1449.9899999999998,1.4142135623730951,2024,0,5,1,1,5
Shop 184,13,10,16187.15,4.582855395323906,2023,0,4,3,3,3
Shop 185,126,3,8277.79,5.456711262888778,2023,1,1,1,2,2
Shop 186,34,5,3123.05,3.009681426070771,2023,0,2,1,1,5
Shop 187,219,2,4682.2,7.000000000000004,2023,1,1,1,1,1
Shop 188,7,29,42815.1,4.829513039072314,2023,0,5,5,4,3
Shop 189,56,13,75370.86,2.236898098925103,2023,1,1,4,5,5
Shop 190,5,34,599250.66,7.581992210512406,2023,0,5,5,5,1
Shop 191,0,28,22314.72,10.424112354682892,2023,0,5,5,3,1
Shop 192,0,32,41974.21,4.161608028797729,2023,0,5,5,4,4
Shop 193,8,2,3982.95,7.5498344352707525,2023,1,4,1,1,1
Shop 194,22,9,19702.260000000002,5.819884477422731,2023,0,3,2,3,2
Shop 195,2,9,15960.42,5.02995270900491,2023,0,5,2,3,3
Shop 196,6,8,19190.68,4.143693273649069,2023,0,5,2,3,4
Shop 197,9,25,128802.66,5.878449994500405,2023,0,4,5,5,2
Shop 198,9,16,14969.289999999999,7.840332105205198,2023,0,4,4,3,1
Shop 199,5,19,23043.7,4.429966139347057,2023,0,5,4,3,4
Shop 200,19,11,9455.81,3.684115905791318,2023,0,3,3,2,4
Shop 201,13,7,4660.59,3.608883833219432,2023,0,4,2,1,4
Shop 202,454,1,38.52,0.0,2023,1,1,1,1,5
Shop 203,2,23,49477.66,6.029718463180089,2023,0,5,5,4,2
Shop 204,23,9,39823.31,7.391701745597131,2023,0,3,2,4,1
Shop 205,505,1,1598.0,0.0,2023,1,1,1,1,5
Shop 207,146,1,2415.85,0.0,2024,0,1,1,1,5
Shop 208,114,9,13353.8,3.8409802504035566,2023,0,1,2,2,4
Shop 209,47,5,5839.7300000000005,3.835823141126282,2023,1,2,1,1,4
Shop 210,6,32,283560.38,4.015905303816625,2023,0,5,5,5,4
Shop 211,13,12,13484.02,4.7235703851742725,2023,0,4,3,2,3
Shop 212,175,12,28417.41,5.590020781116719,2023,1,1,3,4,2
Shop 213,126,6,12583.42,3.7277078503269783,2023,1,1,2,2,4
Shop 214,0,17,74299.87,5.450796456166116,2023,0,5,4,5,2
Shop 215,2,22,72053.4,8.08957631333764,2023,0,5,5,5,1
Shop 216,9,3,24901.15,7.764071283272799,2023,1,4,1,4,1
Shop 217,27,8,9009.33,4.73853298543525,2023,1,2,2,2,3
Shop 218,13,8,6445.64,3.712755215822481,2023,0,4,2,1,4
Shop 219,23,8,5338.9,4.017332971065466,2023,0,3,2,1,4
Shop 220,58,2,3444.86,6.244997998398398,2024,0,1,1,1,2
Shop 221,5,10,62523.85,5.738864964771991,2023,0,5,3,5,2
Shop 222,16,16,33589.0,6.119725863380368,2023,0,3,4,4,2
Shop 223,21,21,89734.22,6.813815784270799,2023,0,3,5,5,1
Shop 224,6,9,16807.3,4.917608066738591,2023,0,5,2,3,3
Shop 225,55,8,10495.63,1.97290959718055,2023,1,1,2,2,5
Shop 226,175,6,57706.51,4.909259401186786,2023,1,1,2,5,3
Shop 227,37,7,9859.29,3.804194950946415,2023,0,2,2,2,4
Shop 228,142,19,27578.6,3.755869473270977,2023,1,1,4,4,4
Shop 229,0,15,21678.37,5.231670273860973,2023,0,5,4,3,3
Shop 230,198,3,5730.16,5.815298490691166,2023,1,1,1,1,2
Shop 231,2,39,441813.57,12.36502007984939,2023,0,5,5,5,1
Shop 232,8,11,15247.24,2.897001143902581,2023,0,4,3,3,5
Shop 233,8,14,18326.34,4.8916381957114226,2023,0,4,4,3,3
Shop 234,14,10,12092.82,3.86828240139498,2023,0,3,3,2,4
Shop 235,7,20,21280.31,3.711579725319602,2023,0,5,5,3,4
Shop 236,9,2,6247.6900000000005,8.54400374531753,2024,0,4,1,1,1
Shop 237,26,7,2835.82,2.681436959293779,2023,0,2,2,1,5
Shop 238,9,37,277235.26,15.96819615299914,2023,0,4,5,5,1
Shop 239,16,18,66411.11,8.263292279968535,2023,0,3,4,5,1
Shop 240,21,17,44837.590000000004,6.264147163463422,2023,0,3,4,4,2
Shop 241,2,15,30214.47,4.737880431151865,2023,0,5,4,4,3
Shop 242,0,6,5691.2,3.3325703618844638,2023,0,5,2,1,5
Shop 243,28,16,29485.86,4.67726689246529,2023,0,2,4,4,3
Shop 244,9,37,99563.31,8.993852633776031,2023,0,4,5,5,1
Shop 245,15,28,162866.08000000002,10.424558804385374,2023,0,3,5,5,1
Shop 246,70,5,4563.05,3.834223329607439,2023,1,1,1,1,4
Shop 247,40,9,16601.7,4.911212687593363,2023,0,2,2,3,3
Shop 248,9,40,392929.21,13.308304556921405,2023,0,4,5,5,1
Shop 249,239,1,824.69,0.0,2023,0,1,1,1,5
Shop 250,8,40,241096.57,13.306840346228515,2023,0,4,5,5,1
Shop 251,28,10,14552.28,4.140525598411177,2023,0,2,3,3,4
Shop 252,9,38,235275.94,15.79523621759538,2023,0,4,5,5,1
Shop 253,5,40,392568.07,9.690302353955268,2023,0,5,5,5,1
Shop 254,7,46,742335.15,13.380317430983402,2023,0,5,5,5,1
Shop 255,15,22,17558.87,3.1479218246676153,2023,0,3,5,3,5
Shop 256,9,36,79133.2,10.52420188079094,2023,0,4,5,5,1
Shop 257,6,15,19627.34,4.5125339057105815,2023,1,5,4,3,3
Shop 258,69,13,7065.65,3.0612654484195767,2023,0,1,4,2,5
Shop 259,0,31,162709.26,5.118378256245446,2023,0,5,5,5,3
Shop 260,9,39,134697.27,10.84155854670795,2023,0,4,5,5,1
Shop 262,29,4,7535.88,5.687312607142152,2023,0,2,1,2,2
Shop 263,9,10,14791.17,7.638545745584737,2023,0,4,3,3,1
Shop 264,231,1,1014.32,0.0,2023,1,1,1,1,5
Shop 265,6,8,12449.16,5.188523572700119,2023,0,5,2,2,3
Shop 266,2,4,5184.04,3.9669415033680338,2024,0,5,1,1,4
Shop 267,44,18,31871.36,4.905233214884891,2023,0,2,4,4,3
Shop 268,14,16,70867.7,5.699389086778071,2023,0,3,4,5,2
Shop 269,41,11,44490.52,7.558879248217825,2023,0,2,3,4,1
Shop 270,13,4,8326.02,6.91613753357456,2023,0,4,1,2,1
Shop 271,12,7,20405.63,7.121695483279887,2023,0,4,2,3,1
Shop 272,2,11,31827.21,9.395579410866995,2023,0,5,3,4,1
Shop 273,13,5,2634.89,3.797037359754347,2023,0,4,1,1,4
Shop 274,6,7,15286.19,5.660710157958864,2023,0,5,2,3,2
Shop 275,16,12,11918.33,3.865339295160021,2023,0,3,3,2,4
Shop 276,55,6,15901.4,7.277575832585094,2023,0,1,2,3,1
Shop 277,36,10,65890.57,8.192048358081461,2023,0,2,3,5,1
Shop 278,13,10,15891.49,4.143039583714581,2023,0,4,3,3,4
Shop 279,469,1,338.29,0.0,2023,1,1,1,1,5
Shop 280,9,26,17266.16,3.1067511291534107,2023,0,4,5,3,5
Shop 281,16,10,18734.64,4.354234395637336,2023,0,3,3,3,4
Shop 282,413,2,3302.69,5.830951894845295,2023,1,1,1,1,2
Shop 283,29,10,23981.66,4.3384399046220175,2023,0,2,3,3,4
Shop 284,5,10,19954.83,5.25900288033744,2023,0,5,3,3,3
Shop 285,22,9,14372.73,4.061998775666901,2023,0,3,2,3,4
Shop 286,29,3,9148.31,7.669638820133105,2024,0,2,1,2,1
Shop 287,43,7,9229.22,3.8729833462074192,2023,0,2,2,2,4
Shop 288,5,46,47040.630000000005,3.332362029239754,2023,0,5,5,4,5
Shop 289,6,13,23889.45,4.707679665141887,2023,0,5,4,3,3
Shop 290,13,11,15756.76,4.615517290945841,2023,0,4,3,3,3
Shop 291,30,11,36695.19,6.54240946712621,2023,0,2,3,4,2
Shop 293,7,3,2863.44,4.20883424647321,2024,1,5,1,1,4
Shop 294,50,3,5003.61,6.691536339372982,2024,0,1,1,1,2
Shop 295,44,9,14842.44,5.800453333727602,2023,0,2,2,3,2
Shop 296,7,21,32168.22,5.2510923371793465,2023,0,5,5,4,3
Shop 297,37,2,2108.45,4.582575694955841,2023,0,2,1,1,3
Shop 298,9,21,84035.71,6.889012738306863,2023,0,4,5,5,1
Shop 299,103,46,127600.48,2.5200813421916983,2023,1,1,5,5,5
Shop 300,30,13,21361.14,5.196242667411338,2023,0,2,4,3,3
Shop 301,92,6,8394.47,5.96703182076315,2023,1,1,2,2,2
Shop 302,7,7,7558.0199999999995,4.16901136437697,2023,0,5,2,2,4
Shop 303,5,22,91952.17,7.950945132671848,2023,0,5,5,5,1
Shop 304,71,6,8804.2,5.894416203995954,2023,1,1,2,2,2
Shop 305,12,11,90579.57,10.285543265212372,2023,0,4,3,5,1
Shop 306,12,7,2095.87,2.5831653454342605,2023,0,4,2,1,5
Shop 307,21,27,45573.89,5.063872135641265,2023,0,3,5,4,3
Shop 308,413,1,2173.83,0.0,2023,0,1,1,1,5
Shop 309,13,13,21430.84,4.610530779680785,2023,1,4,4,3,3
Shop 310,9,7,4901.3,3.6511123801339833,2023,0,4,2,1,4
Shop 311,8,4,32533.990000000005,2.1819578486235627,2023,0,4,1,4,5
Shop 312,7,12,10294.33,5.169328473588569,2023,0,5,3,2,3
Shop 313,251,1,2332.67,0.0,2023,1,1,1,1,5
Shop 314,71,8,13639.99,5.537082392055997,2023,0,1,2,2,2
Shop 315,7,8,7563.74,2.1303320604181994,2023,0,5,2,2,5
Shop 316,44,8,13136.42,5.3635116840341635,2023,0,2,2,2,3
Shop 317,27,23,54775.83,6.359638299782047,2023,0,2,5,5,2
Shop 318,12,27,92356.51,6.685582350018848,2023,0,4,5,5,2
Shop 319,89,21,62472.67,5.723712523233332,2023,1,1,5,5,2
Shop 320,65,5,2857.97,3.2816771162733147,2023,0,1,1,1,5
Shop 321,35,15,32999.090000000004,5.984717553490851,2023,0,2,4,4,2
Shop 322,12,11,34033.27,6.808793389619397,2023,0,4,3,4,1
Shop 323,113,11,44755.65,7.017116378109266,2023,0,1,3,4,1
Shop 324,64,5,11807.23,2.5807981575099195,2023,0,1,1,2,5
Shop 325,62,2,2971.32,6.0,2024,0,1,1,1,2
Shop 326,2,21,31955.54,8.340481938671063,2023,0,5,5,4,1
Shop 327,5,23,84895.0,6.226714715520825,2023,0,5,5,5,2
Shop 328,28,19,26521.7,5.381790371531058,2023,0,2,4,4,3
Shop 329,14,17,18432.03,3.3682466462664937,2023,0,3,4,3,5
Shop 330,26,20,39729.48,5.064299025849684,2023,0,2,5,4,3
Shop 331,2,9,15858.6,4.236669636302719,2023,0,5,2,3,4
Shop 332,29,3,7002.67,6.203264525944764,2023,0,2,1,2,2
Shop 333,15,3,8861.1,7.471936942720778,2023,0,3,1,2,1
Shop 334,43,9,18784.75,5.977659688384188,2023,0,2,2,3,2
Shop 335,64,5,6666.75,4.944359778776655,2023,0,1,1,2,3
Shop 336,15,5,7069.09,4.99473442161664,2023,0,3,1,2,3
Shop 337,43,8,13342.24,5.435544028787623,2023,0,2,2,2,2
Shop 338,14,8,6067.25,2.885154281201866,2023,0,3,2,1,5
Shop 339,8,10,30283.67,2.581223069403905,2023,0,4,3,4,5
Shop 340,140,3,19094.16,9.577329928653338,2023,0,1,1,3,1
Shop 341,12,31,69371.74,4.152255370573448,2023,0,4,5,5,4
Shop 342,0,26,108224.54000000001,7.120799570061597,2023,0,5,5,5,1
Shop 343,15,6,8818.81,4.643777712010868,2023,0,3,2,2,3
Shop 344,16,12,13908.57,4.108322276634673,2023,0,3,3,2,4
Shop 345,21,13,18031.48,3.2254690447185697,2023,0,3,4,3,5
Shop 346,12,32,56632.840000000004,4.673803230315016,2023,0,4,5,5,3
Shop 347,21,4,2820.65,3.7466152894241405,2023,1,3,1,1,4
Shop 348,329,1,406.4,0.0,2023,1,1,1,1,5
Shop 349,14,28,66418.47,7.61819065929757,2023,0,3,5,5,1
Shop 350,2,58,241780.0,5.987904838349739,2023,0,5,5,5,2
Shop 351,58,49,113678.8,6.358068066457924,2023,1,1,5,5,2
Shop 352,13,23,78817.86,5.3093166398712,2023,0,4,5,5,3
Shop 353,202,2,1316.5,3.872983346207416,2023,1,1,1,1,4
Shop 354,29,7,45485.45,8.372155751428782,2023,0,2,2,4,1
Shop 355,16,17,268587.02,7.130718867202926,2023,0,3,4,5,1
Shop 356,9,16,21652.91,4.229125447321267,2023,0,4,4,3,4
Shop 357,97,6,8602.3,4.784706283952336,2023,1,1,2,2,3
Shop 358,14,48,127245.0,5.40661145541413,2023,0,3,5,5,3
Shop 359,2,18,40210.13,4.605689537022228,2023,0,5,4,4,3
Shop 360,34,14,20238.22,5.0042125126556165,2023,0,2,4,3,3
Shop 361,13,9,10035.93,5.223801872178114,2023,0,4,2,2,3
Shop 362,48,6,4359.04,3.4280418008296367,2023,0,2,2,1,5
Shop 363,8,16,27743.93,3.5496469425072434,2023,0,4,4,4,5
Shop 364,15,15,29434.55,5.439161835227896,2023,0,3,4,4,2
Shop 365,21,16,52387.46,5.105782216082914,2023,0,3,4,4,3
Shop 366,21,25,20778.64,4.2998107999834,2023,0,3,5,3,4
Shop 367,77,13,29163.38,5.2330840289825264,2023,1,1,4,4,3
Shop 368,7,9,7950.13,3.587337506370903,2023,0,5,2,2,4
Shop 369,6,14,11897.89,4.911085870564226,2023,0,5,4,2,3
Shop 370,47,16,33503.64,5.831105742406921,2023,0,2,4,4,2
Shop 371,14,6,5952.53,3.736036803022422,2023,0,3,2,1,4
Shop 372,21,13,16599.65,4.24222534788846,2023,0,3,4,3,4
Shop 373,30,11,45240.04,8.726164664088301,2023,0,2,3,4,1
Shop 374,219,6,14975.69,6.321020127707273,2023,0,1,2,3,2
Shop 375,345,10,12651.45,4.989764498517427,2023,1,1,3,2,3
Shop 376,41,2,3819.34,6.324555320336757,2024,1,2,1,1,2
Shop 377,27,10,15742.220000000001,4.2293296388332235,2023,1,2,3,3,4
Shop 378,233,1,31605.120000000003,0.0,2023,0,1,1,4,5
Shop 379,6,14,66215.87,6.185139051536498,2023,0,5,4,5,2
Shop 380,0,23,51313.37,4.686368011892996,2023,0,5,5,4,3
Shop 381,44,8,16717.24,6.4577859597344895,2023,0,2,2,3,2
Shop 382,44,8,20274.81,5.30111594103361,2023,0,2,2,3,3
Shop 383,71,9,52716.16,6.075025651657459,2023,0,1,2,5,2
Shop 384,0,5,2652.06,3.6068450072348983,2024,0,5,1,1,4
Shop 385,20,5,4694.01,3.9179011028215767,2023,0,3,1,1,4
Shop 386,12,13,17573.8,6.529814694609902,2023,0,4,4,3,2
Shop 387,49,11,28658.9,5.364347822758191,2023,0,2,3,4,3
Shop 388,33,4,2121.62,2.84749498372377,2023,1,2,1,1,5
Shop 389,6,13,23263.149999999998,0.7194497839568565,2023,0,5,4,3,5
Shop 390,14,12,28002.34,6.067619767863848,2023,0,3,3,4,2
Shop 391,7,6,8047.33,4.17634450296289,2023,0,5,2,2,4
Shop 392,20,12,14009.93,4.983485380854175,2023,0,3,3,2,3
Shop 393,16,9,15295.34,4.475707136148091,2023,0,3,2,3,4
Shop 394,9,10,14197.53,5.4696979653699005,2023,0,4,3,3,2
Shop 395,21,11,48520.07,1.422059914224282,2023,0,3,3,4,5
Shop 396,12,14,35348.0,6.019990437382534,2023,0,4,4,4,2
Shop 397,13,9,38087.19,7.401973000781358,2023,0,4,2,4,1
Shop 398,237,1,1872.5,0.0,2023,1,1,1,1,5
Shop 399,20,14,12529.65,2.518952490071757,2023,0,3,4,2,5
Shop 400,126,4,2224.84,2.904313088626171,2023,1,1,1,1,5
Shop 401,13,5,11867.8,7.234668981658553,2024,0,4,1,2,1
Shop 403,2,19,20842.51,4.30517757986012,2023,0,5,4,3,4
Shop 404,71,13,14831.2,5.00344712053238,2023,0,1,4,3,3
Shop 405,36,9,20637.84,3.547992780420173,2023,0,2,2,3,5
Shop 406,35,6,6818.39,4.6570041537116635,2023,0,2,2,2,3
Shop 407,7,23,37335.41,2.3317416218626605,2023,0,5,5,4,5
Shop 408,9,14,22101.59,4.777956020115574,2023,0,4,4,3,3
Shop 409,16,22,155439.61000000002,0.57131695338445,2023,0,3,5,5,5
Shop 410,118,7,191160.0,4.882803260785284,2023,0,1,2,5,3
Shop 411,40,6,12753.7,4.372520905037242,2023,0,2,2,2,4
Shop 412,0,19,24944.8,5.837689774871041,2023,0,5,4,4,2
Shop 413,44,4,5305.78,4.423452048433429,2023,0,2,1,1,4
Shop 414,15,10,24948.67,6.828769984404076,2023,0,3,3,4,1
Shop 415,2,12,7927.8099999999995,2.3650921935298377,2023,0,5,3,2,5
Shop 416,44,9,8410.97,4.538555370212514,2023,0,2,2,2,3
Shop 417,22,5,7331.17,4.387763212510935,2023,0,3,1,2,4
Shop 418,78,6,48848.83,6.575272431695263,2023,0,1,2,4,2
Shop 419,2,5,3431.02,3.8585024171115556,2023,0,5,1,1,4
Shop 420,132,10,32872.62,5.786407524668549,2023,0,1,3,4,2
Shop 421,15,21,56289.03,5.030252087127603,2023,0,3,5,5,3
Shop 422,6,11,28508.92,2.3394362579931967,2023,0,5,3,4,5
Shop 423,23,17,26241.34,5.134536250691182,2023,0,3,4,4,3
Shop 424,41,8,11042.880000000001,3.744483097736105,2023,0,2,2,2,4
Shop 425,7,19,22989.21,4.274057883327232,2023,0,5,4,3,4
Shop 426,0,64,222842.52,4.891664749332558,2023,0,5,5,5,3
Shop 427,15,17,154569.06,14.28067072505296,2023,0,3,4,5,1
Shop 428,15,18,224046.12,13.441812266874907,2023,0,3,4,5,1
Shop 429,14,4,13514.52,8.198052047255564,2023,1,3,1,2,1
Shop 430,15,7,53612.33,9.46578792951232,2023,0,3,2,5,1
Shop 431,2,2,511.47,2.449489742783178,2023,1,5,1,1,5
Shop 432,12,23,27360.74,4.890575056152832,2023,0,4,5,4,3
Shop 433,15,3,15601.45,6.742600108252217,2024,0,3,1,3,2
Shop 434,36,8,4297.12,3.1689755117680214,2023,0,2,2,1,5
Shop 435,14,11,9739.68,3.207053168951166,2023,0,3,3,2,5
Shop 436,29,11,81824.4,5.819081813444099,2023,0,2,3,5,2
Shop 437,62,4,3068.33,3.600328829677841,2023,0,1,1,1,4
Shop 438,30,17,70020.63,11.233818391637918,2023,0,2,4,5,1
Shop 439,20,15,87768.66,7.577157743208788,2023,0,3,4,5,1
Shop 440,34,16,48909.44,6.419620176859628,2023,0,2,4,4,2
Shop 441,15,20,26648.47,4.889557901316282,2023,0,3,5,4,3
Shop 442,20,12,8991.91,2.9486791616289323,2023,0,3,3,2,5
Shop 443,12,15,20164.05,6.172020807122569,2023,0,4,4,3,2
Shop 444,6,17,35941.12,5.225806893261629,2023,0,5,4,4,3
Shop 445,12,14,23425.75,6.718013785193843,2023,0,4,4,3,2
Shop 446,65,8,7911.07,4.431346487032032,2023,0,1,2,2,4
Shop 447,5,6,5427.02,4.143889878980115,2023,0,5,2,1,4
Shop 448,19,10,12931.76,5.036509745701584,2023,0,3,3,2,3
Shop 449,20,11,10770.93,2.816895564616801,2023,0,3,3,2,5
Shop 450,12,22,43538.63,4.65597868860668,2023,0,4,5,4,3
Shop 451,6,57,460966.28,4.480350894925992,2023,0,5,5,5,4
Shop 452,6,5,4834.25,5.159595773955487,2023,0,5,1,1,3
Shop 453,64,7,4753.05,2.313921925343693,2023,0,1,2,1,5
Shop 454,49,12,11889.09,5.468943505673512,2023,0,2,3,2,2
Shop 455,13,7,5745.62,2.769269926427486,2023,0,4,2,1,5
Shop 456,2,39,42467.88,4.106286562300711,2023,0,5,5,4,4
Shop 457,23,5,8597.87,6.074687802167794,2023,0,3,1,2,2
Shop 458,0,50,196460.49,7.8011679218428105,2023,0,5,5,5,1
Shop 459,29,6,5186.2,2.7426742882635025,2023,0,2,2,1,5
Shop 460,12,32,117738.59,2.8983711164012242,2023,0,4,5,5,5
Shop 461,8,10,16556.47,5.816826963753838,2023,0,4,3,3,2
Shop 462,2,5,15983.37,4.663925350936228,2023,0,5,1,3,3
Shop 463,35,5,3792.92,3.3028912953790828,2023,0,2,1,1,5
Shop 464,300,9,20225.5,3.950968106632212,2023,1,1,2,3,4
Shop 465,12,6,1917.0,2.799405272760701,2023,0,4,2,1,5
Shop 466,6,45,65643.18000000001,4.274377351301108,2023,0,5,5,5,4
Shop 467,8,38,179304.65,5.5507703258198395,2023,0,4,5,5,2
Shop 468,0,36,242203.21,11.130162881533261,2023,0,5,5,5,1
Shop 469,2,60,332741.44,6.140189766071812,2023,0,5,5,5,2
Shop 470,126,13,33122.62,10.071530621675354,2023,1,1,4,4,1
Shop 471,65,1,1618.22,0.0,2024,0,1,1,1,5
Shop 472,16,5,8333.24,4.905560268447276,2024,0,3,1,2,3
Shop 473,42,5,2351.67,2.9531781457802864,2023,0,2,1,1,5
Shop 474,100,1,198.95,0.0,2024,1,1,1,1,5
Shop 475,15,4,11659.82,8.0308613000563,2023,0,3,1,2,1
Shop 476,13,13,29869.54,4.939143411675103,2023,0,4,4,4,3
Shop 477,29,11,16371.03,4.798109815584324,2023,0,2,3,3,3
Shop 479,27,9,36872.1,4.070846317728605,2023,0,2,2,4,4
Shop 480,15,24,102111.59,8.668100862103024,2023,0,3,5,5,1
Shop 481,146,3,11060.34,8.940064032095032,2023,1,1,1,2,1
Shop 482,14,18,40272.85,5.573238134980308,2023,0,3,4,4,2
Shop 483,239,1,2535.36,0.0,2023,1,1,1,1,5
Shop 484,49,6,13990.32,5.1814995190906545,2023,0,2,2,2,3
Shop 485,30,8,11917.380000000001,5.314437391798003,2023,1,2,2,2,3
Shop 486,9,25,145025.12,6.68888999415194,2023,0,4,5,5,2
Shop 487,5,14,42749.13,6.769676157295718,2023,0,5,4,4,1
Shop 488,15,18,35276.73,5.192974603082979,2023,0,3,4,4,3
Shop 489,112,6,14192.19,7.130358757168705,2023,0,1,2,3,1
Shop 490,12,25,42289.35,6.651385299534998,2023,0,4,5,4,2
Shop 491,64,4,4589.05,4.763013664888829,2023,0,1,1,1,3
Shop 492,64,1,424.82,0.0,2024,0,1,1,1,5
Shop 493,29,16,65065.340000000004,7.687420809723543,2023,0,2,4,5,1
Shop 494,19,17,62791.13,6.743913859082483,2023,0,3,4,5,2
Shop 495,12,16,30431.16,5.732566242089013,2023,0,4,4,4,2
Shop 496,15,10,7222.83,4.690718330696309,2023,0,3,3,2,3
Shop 497,6,12,15312.42,3.7514737559198377,2023,0,5,3,3,4
Shop 498,16,17,28914.63,5.124875648363922,2023,0,3,4,4,3
Shop 499,13,17,51786.75,7.407850220785982,2023,0,4,4,4,1
Shop 500,5,2,3132.24,5.830951894845301,2024,1,5,1,1,2
Shop 501,26,13,10916.67,3.946161475894181,2023,0,2,4,2,4
Shop 502,29,10,29504.14,6.533383137515895,2023,0,2,3,4,2
Shop 503,2,19,75000.11,6.757963413582495,2023,0,5,4,5,2
Shop 504,15,11,32578.11,8.041494389435542,2023,0,3,3,4,1
Shop 505,9,18,63971.18,7.196135409874289,2023,0,4,4,5,1
Shop 506,2,7,44613.15,8.559643824196918,2023,0,5,2,4,1
Shop 507,29,18,54895.17,7.471818321328086,2023,0,2,4,5,1
Shop 508,5,11,29362.18,5.867130540485817,2023,0,5,3,4,2
Shop 509,16,23,53522.200000000004,7.364424568954951,2023,0,3,5,5,1
Shop 510,7,19,95573.54000000001,6.830800510238679,2023,0,5,4,5,1
Shop 511,2,11,26069.87,7.511064765045455,2023,0,5,3,4,1
Shop 512,16,17,71752.45,8.344383787854612,2023,0,3,4,5,1
Shop 513,7,22,57930.770000000004,5.514610338115892,2023,0,5,5,5,2
Shop 514,16,13,70333.74,13.468283435218739,2023,0,3,4,5,1
Shop 515,23,8,4292.53,2.3125633254907623,2023,0,3,2,1,5
Shop 516,14,16,76554.87,11.167740194660766,2023,0,3,4,5,1
Shop 517,0,25,63142.28,5.948100891793738,2023,0,5,5,5,2
Shop 518,30,13,11943.42,3.6030516551171274,2023,0,2,4,2,4
Shop 519,12,12,55182.69,10.363854638449698,2023,0,4,3,5,1
Shop 520,495,1,4087.85,0.0,2023,1,1,1,1,5
Shop 521,12,25,94300.58,8.050631689881742,2023,0,4,5,5,1
Shop 522,2,12,49111.37,5.61121658229966,2023,0,5,3,4,2
Shop 523,7,25,72447.64,6.104657828855229,2023,0,5,5,5,2
Shop 524,40,12,42513.07,6.799315113524219,2023,0,2,3,4,1
Shop 525,5,12,90593.67,8.024789029262461,2023,0,5,3,5,1
Shop 526,21,26,131373.58,2.5579653456102753,2023,0,3,5,5,5
Shop 527,27,9,19516.79,1.8481996431371872,2023,0,2,2,3,5
Shop 528,13,22,60586.11,5.883306145680053,2023,0,4,5,5,2
Shop 529,15,5,2974.93,2.6879844524599954,2023,0,3,1,1,5
Shop 530,9,15,24956.91,4.34938652458453,2023,0,4,4,4,4
Shop 531,111,2,1677.69,3.8729833462074184,2023,1,1,1,1,4
Shop 532,30,4,12558.31,9.06014388030554,2023,0,2,1,2,1
Shop 533,72,1,15504.82,0.0,2024,1,1,1,3,5
Shop 534,100,1,212.41,0.0,2024,1,1,1,1,5
Shop 535,7,14,15556.25,3.5086152349922806,2023,0,5,4,3,5
Shop 536,7,13,66902.69,8.193280115101217,2023,0,5,4,5,1
Shop 537,58,21,191529.71,7.258245879515036,2023,1,1,5,5,1
Shop 538,107,37,33207.3,3.520638783532172,2023,1,1,5,4,5
Shop 539,0,25,26093.14,4.4438782705453175,2023,0,5,5,4,4
Shop 540,142,2,13356.59,10.295630140986997,2023,1,1,1,2,1
Shop 541,9,19,26990.31,5.355477839155165,2023,0,4,4,4,3
Shop 542,148,2,6467.05,10.44030650891056,2023,0,1,1,1,1
Shop 543,412,5,6147.08,5.109439432230908,2023,1,1,1,1,3
Shop 544,8,26,47370.35,5.290251280254798,2023,0,4,5,4,3
Shop 545,16,20,78524.61,10.992135741292682,2023,0,3,5,5,1
Shop 546,0,31,81741.09,5.229114574394195,2023,0,5,5,5,3
Shop 547,113,11,18456.85,5.931097769467973,2023,0,1,3,3,2
Shop 548,5,21,77423.24,5.715994576583554,2023,0,5,5,5,2
Shop 549,26,7,9991.33,3.129624787105448,2023,0,2,2,2,5
Shop 550,12,16,40310.31,5.819082310510208,2023,0,4,4,4,2
Shop 551,34,8,6947.38,4.326004645597058,2023,0,2,2,2,4
Shop 552,85,2,740.19,2.82842712474619,2023,0,1,1,1,5
Shop 553,5,13,21262.36,4.126627476128565,2023,0,5,4,3,4
Shop 554,2,49,163344.25,6.703019986106562,2023,0,5,5,5,2
Shop 555,22,17,18447.91,4.483891230559544,2023,0,3,4,3,4
Shop 556,461,1,3461.31,0.0,2023,1,1,1,1,5
Shop 557,20,5,4717.35,4.127426215092287,2023,0,3,1,1,4
Shop 558,6,5,12036.05,5.436630887111806,2023,0,5,1,2,2
Shop 560,110,1,4907.83,0.0,2024,0,1,1,1,5
Shop 561,62,4,21919.85,4.306614073399235,2023,0,1,1,3,4
Shop 562,9,15,56835.74,7.421263050479499,2023,0,4,4,5,1
Shop 563,0,24,149933.34,7.97125995673274,2023,0,5,5,5,1
Shop 564,15,45,73057.56,4.927940181721273,2023,0,3,5,5,3
Shop 565,49,3,1931.83,3.2404457081973974,2023,0,2,1,1,5
Shop 566,36,11,14118.95,4.720929702971049,2023,0,2,3,3,3
Shop 567,7,10,12622.42,3.710256323834122,2023,0,5,3,2,4
Shop 568,8,16,115472.3,4.493001331880527,2023,1,4,4,5,3
Shop 569,2,39,87682.92,8.221684406309276,2023,0,5,5,5,1
Shop 570,13,11,22580.49,5.854397147137072,2023,0,4,3,3,2
Shop 571,49,7,8254.46,4.39177161284221,2023,0,2,2,2,4
Shop 572,2,13,12578.65,3.2856030055514442,2023,0,5,4,2,5
Shop 573,34,28,164880.06,11.949352113563453,2023,0,2,5,5,1
Shop 574,15,12,11043.02,3.9149783299704795,2023,0,3,3,2,4
Shop 575,90,3,1911.97,4.120535374821881,2023,0,1,1,1,4
Shop 576,14,1,7291.28,0.0,2024,0,3,1,2,5
Shop 577,0,14,33833.3,3.9935963944742556,2024,0,5,4,4,4
Shop 578,71,1,1094.31,0.0,2024,0,1,1,1,5
Shop 579,5,7,5400.72,3.7784295851054086,2023,0,5,2,1,4
Shop 580,21,12,41452.53,9.59622140856426,2023,0,3,3,4,1
Shop 581,19,9,23571.55,5.64324710341442,2023,0,3,2,3,2
Shop 582,8,14,18119.14,4.086208868515904,2023,0,4,4,3,4
Shop 583,23,6,6348.87,2.7416430749566616,2023,0,3,2,1,5
Shop 584,50,5,5163.15,5.219073504680286,2023,0,1,1,1,3
Shop 585,40,6,15803.33,6.214045056938395,2023,0,2,2,3,2
Shop 586,7,16,59026.66,8.20980392241049,2023,0,5,4,5,1
Shop 587,8,18,15321.54,3.2760484251525637,2023,0,4,4,3,5
Shop 588,2,19,29857.55,4.344193592423592,2023,0,5,4,4,4
Shop 589,0,33,632470.61,2.5615672441899644,2023,0,5,5,5,5
Shop 590,26,19,103488.41,4.056040722898867,2023,0,2,4,5,4
Shop 591,84,13,104874.63,3.4033338167635288,2023,1,1,4,5,5
Shop 592,15,9,20415.54,6.1060685530986145,2023,0,3,2,3,2
Shop 593,14,4,2449.79,3.0026985108577637,2023,1,3,1,1,5
Shop 594,20,14,66810.95,2.016506501765091,2023,0,3,4,5,5
Shop 595,26,15,99289.87,6.4414564838130675,2023,0,2,4,5,2
Shop 596,16,7,9232.75,4.285589689247289,2023,0,3,2,2,4
Shop 597,0,46,101230.38,5.926187620593051,2023,0,5,5,5,2
Shop 598,27,9,12066.4,4.240563260531892,2023,0,2,2,2,4
Shop 599,5,16,38211.14,5.848943668074577,2023,0,5,4,4,2
Shop 600,23,19,180384.49,11.391831470325272,2023,0,3,4,5,1
Shop 601,29,19,47466.51,5.944198446399819,2023,0,2,4,4,2
Shop 602,35,11,8438.47,3.158549022767611,2023,0,2,3,2,5
Shop 603,7,20,66286.53,5.775225481121799,2023,0,5,5,5,2
Shop 604,7,8,19430.77,5.491208248719974,2023,0,5,2,3,2
Shop 605,7,21,81183.76,6.093340599431637,2023,0,5,5,5,2
Shop 606,9,12,12933.05,4.683044766391155,2023,0,4,3,2,3
Shop 607,21,14,55200.62,3.4405917130133945,2023,0,3,4,5,5
Shop 608,36,7,7230.71,3.5601351367976823,2023,0,2,2,2,5
Shop 609,5,25,93298.1,6.06082384632505,2023,0,5,5,5,2
Shop 610,49,14,9986.99,3.0253094945188996,2023,1,2,4,2,5
Shop 611,6,9,16751.83,5.806430894181593,2023,0,5,2,3,2
Shop 612,13,21,43433.76,5.424061367443321,2023,0,4,5,4,2
Shop 613,41,11,10696.21,3.743241629207169,2023,0,2,3,2,4
Shop 614,20,13,18334.59,4.897752018384237,2023,0,3,4,3,3
Shop 615,5,19,20398.91,0.9968704886377425,2023,0,5,4,3,5
Shop 616,5,21,28169.68,4.671934929872572,2023,0,5,5,4,3
Shop 617,175,7,18149.2,5.220372135760159,2023,0,1,2,3,3
Shop 618,5,11,10425.66,3.528088317628334,2023,0,5,3,2,5
Shop 619,385,4,4877.24,5.246280841686015,2023,1,1,1,1,3
Shop 620,16,13,7662.9800000000005,2.4246732095858285,2023,0,3,4,2,5
Shop 621,113,3,3534.44,4.246089377297655,2023,0,1,1,1,4
Shop 622,7,3,14100.44,7.535845350296109,2023,0,5,1,3,1
Shop 623,36,18,18008.69,3.9128588563786937,2023,0,2,4,3,4
Shop 624,8,10,12564.89,4.59970266529995,2023,0,4,3,2,3
Shop 625,8,29,38852.42,3.9264766649784137,2023,0,4,5,4,4
Shop 626,2,82,241193.93,4.047237543003675,2023,0,5,5,5,4
Shop 627,49,4,1534.69,1.9363643519113485,2023,0,2,1,1,5
Shop 628,238,1,943.64,0.0,2023,1,1,1,1,5
Shop 629,7,16,22821.53,4.101912393453227,2023,0,5,4,3,4
Shop 630,12,32,87220.77,5.548070042117557,2023,0,4,5,5,2
Shop 631,7,6,3814.3300000000004,3.2894550225191037,2023,0,5,2,1,5
Shop 632,2,30,79723.84,1.8752106623230065,2023,0,5,5,5,5
Shop 633,5,10,12311.01,5.027079170713229,2023,0,5,3,2,3
Shop 634,27,4,2677.67,2.7133515244179938,2023,0,2,1,1,5
Shop 635,2,45,138001.68,6.833330524693476,2023,0,5,5,5,1
Shop 636,41,6,11712.15,5.292776169130571,2023,0,2,2,2,3
Shop 637,499,1,3324.7799999999997,0.0,2023,1,1,1,1,5
Shop 638,21,25,42571.21,5.0645980625564775,2023,0,3,5,4,3
Shop 639,2,20,25133.86,4.57880738152714,2023,0,5,5,4,3
Shop 640,470,2,3843.23,4.2426406871192865,2023,1,1,1,1,4
Shop 641,37,15,19933.49,4.7551256629069645,2023,0,2,4,3,3
Shop 642,29,12,25283.32,5.060213476665934,2023,0,2,3,4,3
Shop 643,399,8,17548.45,5.755236821269994,2023,1,1,2,3,2
Shop 644,2,8,11865.66,7.2219196354517745,2023,0,5,2,2,1
Shop 645,21,5,23153.76,9.544283723949697,2023,0,3,1,3,1
Shop 646,57,6,8424.79,4.591934078997495,2023,0,1,2,2,3
Shop 647,245,10,22592.88,5.949537249651165,2023,1,1,3,3,2
Shop 648,49,10,29941.02,7.217928078109977,2023,0,2,3,4,1
Shop 649,27,14,15549.25,6.29742449444766,2023,0,2,4,3,2
Shop 650,5,5,4040.69,2.718000137825065,2023,0,5,1,1,5
Shop 651,21,16,59162.74,7.111034921880965,2023,0,3,4,5,1
Shop 652,12,10,6063.16,2.5354474536607667,2023,0,4,3,1,5
Shop 653,9,40,870796.65,3.877159438619492,2023,0,4,5,5,4
Shop 654,9,12,153398.55,5.411187581095665,2023,0,4,3,5,2
Shop 655,176,2,4951.19,7.000000000000003,2023,0,1,1,1,1
Shop 656,0,10,21345.89,5.069904453506381,2023,0,5,3,3,3
Shop 657,15,16,36999.51,4.860183234481257,2023,0,3,4,4,3
Shop 658,0,6,6954.58,3.4389866669022315,2023,0,5,2,2,5
Shop 659,9,20,46966.16,5.630085210980936,2023,0,4,5,4,2
Shop 660,29,10,9813.36,3.1100368542965064,2023,0,2,3,2,5
Shop 661,147,2,1463.99,4.898979485566356,2023,1,1,1,1,3
Shop 663,8,1,620.79,0.0,2024,0,4,1,1,5
Shop 664,35,3,3824.11,6.177214927210471,2024,0,2,1,1,2
Shop 665,62,3,7348.88,5.399861330888253,2023,0,1,1,2,3
Shop 666,29,4,8924.37,5.809326312821218,2023,0,2,1,2,2
Shop 667,19,10,30382.33,7.134412542138454,2023,1,3,3,4,1
Shop 668,477,1,843.94,0.0,2023,1,1,1,1,5
Shop 669,29,11,13078.53,4.4045318754088,2023,0,2,3,2,4
Shop 670,469,2,4421.52,5.744562646538028,2023,1,1,1,1,2
Shop 671,15,15,26700.84,3.113733663146648,2023,0,3,4,4,5
Shop 672,69,2,1649.95,3.1622776601683795,2024,1,1,1,1,5
Shop 673,470,2,4987.36,6.557438524302003,2023,1,1,1,1,2
Shop 674,12,10,12292.800000000001,4.152775985662691,2023,0,4,3,2,4
Shop 675,190,1,1967.69,0.0,2023,0,1,1,1,5
Shop 676,169,3,5087.25,3.9980463979298704,2023,0,1,1,1,4
Shop 677,41,6,11790.76,6.001220525834575,2023,0,2,2,2,2
Shop 678,5,17,15873.97,3.8316461369029304,2023,0,5,4,3,4
Shop 679,398,3,11667.03,8.009208072874456,2023,1,1,1,2,1
Shop 680,7,7,7164.45,4.368175643750373,2023,0,5,2,2,4
Shop 681,44,3,4388.54,4.024232155883213,2023,0,2,1,1,4
Shop 682,398,3,14630.87,7.597001658631396,2023,1,1,1,3,1
Shop 683,36,24,327702.92,2.0286950184691226,2023,0,2,5,5,5
Shop 684,26,7,8859.24,5.998533370442839,2023,0,2,2,2,2
Shop 685,5,9,28071.22,7.258162109611671,2023,0,5,2,4,1
Shop 686,14,11,13598.39,3.7696083788549934,2023,0,3,3,2,4
Shop 687,350,4,5964.4400000000005,4.902351754236118,2023,0,1,1,1,3
Shop 688,72,8,22556.12,6.4252262075782935,2023,1,1,2,3,2
Shop 689,70,3,16332.65,8.701791948966427,2023,0,1,1,3,1
Shop 690,0,37,65641.52,5.446551516855674,2023,0,5,5,5,2
Shop 691,5,27,49429.6,4.872815584850032,2023,0,5,5,4,3
Shop 692,23,12,28247.23,5.920518778796235,2023,0,3,3,4,2
Shop 693,329,2,1223.45,3.464101615137755,2023,1,1,1,1,5
Shop 694,103,5,7152.4400000000005,4.0943475630695,2023,0,1,1,2,4
Shop 696,35,10,25284.69,5.869241431557149,2023,0,2,3,4,2
Shop 697,19,9,47665.88,9.271448294161377,2023,0,3,2,4,1
Shop 698,23,5,8218.37,5.666395631063163,2023,0,3,1,2,2
Shop 699,72,6,31196.74,9.694457200098645,2023,0,1,2,4,1
Shop 700,15,17,33588.590000000004,5.536406066791906,2023,0,3,4,4,2
Shop 701,15,11,29869.56,6.282381641409473,2023,0,3,3,4,2
Shop 702,0,19,87069.06,8.352105630002884,2023,0,5,4,5,1
Shop 703,12,6,38815.6,6.906308251873484,2023,0,4,2,4,1
Shop 704,0,10,24226.73,5.56113337941941,2023,0,5,3,3,2
Shop 705,0,14,50740.17,5.643664125994181,2023,0,5,4,4,2
Shop 706,15,21,23674.18,4.232872038484543,2023,0,3,5,3,4
Shop 707,5,11,15156.11,4.261785281480852,2023,0,5,3,3,4
Shop 708,100,3,1370.73,2.748482804312382,2023,0,1,1,1,5
Shop 710,20,35,41868.97,4.092402104967311,2023,0,3,5,4,4
Shop 711,5,17,14314.41,3.6279622959304305,2023,0,5,4,3,4
Shop 712,37,13,20493.13,3.816299074711747,2023,0,2,4,3,4
Shop 713,16,11,24494.28,5.1471134709063096,2023,0,3,3,3,3
Shop 714,14,21,34032.66,7.054654910893889,2023,0,3,5,4,1
Shop 715,16,22,64618.99,7.497679900147745,2023,0,3,5,5,1
Shop 716,79,4,9772.15,5.496645474615947,2023,0,1,1,2,2
Shop 717,0,12,44160.78,5.380848029789494,2023,0,5,3,4,3
Shop 718,7,16,49548.03,5.522751845516378,2023,0,5,4,4,2
Shop 719,9,15,18427.45,5.136178650841864,2023,0,4,4,3,3
Shop 720,16,4,14954.86,4.05132961339505,2023,0,3,1,3,4
Shop 721,8,12,23041.03,5.502364666459048,2023,0,4,3,3,2
Shop 722,62,5,2916.43,2.7789415867592235,2023,0,1,1,1,5
