Shop Code,Recency,Frequency,Monetary,Volatility,True_Churn,R_Score,V_Score,F_Score,M_Score,Churn_Prob_NotChurn,Churn_Prediction
Shop 001,20,9,21058.28,6.020528074554383,1,3,2,2,3,0.8014606728093634,1
Shop 002,5,28,264290.35839999997,17.090441445321524,1,5,1,5,5,1.0,1
Shop 003,10,11,53120.295999999995,9.02603207093226,1,4,1,3,4,0.6036032888008923,1
Shop 004,3,64,684836.0808,5.732104166770095,1,5,2,5,5,0.615753991865622,1
Shop 005,5,26,54970.3472,4.523523409444064,1,5,3,5,4,1.0,1
Shop 006,26,2,1738.5647999999999,4.898979485566356,1,2,3,1,1,0.3635306278802872,0
Shop 007,4,26,32828.591199999995,5.055808996979605,1,5,3,5,4,1.0,1
Shop 008,76,9,6436.428,3.280131824991828,0,1,5,2,1,0.695947205074395,1
Shop 009,16,15,20143.2608,4.417237588282045,1,3,4,4,3,0.7464322998167319,1
Shop 010,12,29,14475.2016,2.0771462978990183,1,4,5,5,2,1.0,1
Shop 011,20,18,55358.047999999995,6.354587391076116,1,3,2,4,4,1.0,1
Shop 012,11,5,12548.5448,7.890084292736254,0,4,1,1,2,0.06001396648044692,0
Shop 013,3,10,16177.280799999999,5.337710672716824,0,5,3,2,3,0.09782221841695116,0
Shop 014,4,12,12372.866399999999,3.9696102481540008,1,5,4,3,2,0.7626888962719016,1
Shop 015,18,28,56134.015999999996,7.071773194528903,1,3,1,5,4,1.0,1
Shop 016,10,8,18810.993599999998,6.024686270044776,0,4,2,2,3,0.13365997589494752,0
Shop 017,2,14,13603.8424,3.5955811151724917,1,5,4,3,2,0.7626888962719016,1
Shop 018,38,13,25751.234399999998,5.271682295737795,1,2,3,3,3,0.7198035409191115,1
Shop 019,12,19,37925.3416,4.38223600641978,1,4,4,4,4,0.97834322442891,1
Shop 020,53,7,13625.1768,4.68472999997383,0,2,3,2,2,0.4116129529674934,0
Shop 021,26,17,26578.792,4.784451088915239,1,2,3,4,3,0.18789846237404814,0
Shop 022,75,6,36789.379199999996,2.789388075253806,0,1,5,2,4,0.044554507067622345,0
Shop 023,144,6,9855.454399999999,4.726667601955663,0,1,3,2,2,0.0,0
Shop 024,46,5,5325.2456,3.7630584133317786,0,2,4,1,1,0.22256626423718653,0
Shop 025,13,20,78265.5768,7.8933654673306,1,4,1,4,5,1.0,1
Shop 026,12,23,40277.7896,4.740313607893155,1,4,3,5,4,1.0,1
Shop 027,25,11,9639.9864,3.186062419266042,1,3,5,3,2,0.5170393938485668,1
Shop 028,10,6,7170.152,4.76844251122187,0,4,3,2,1,0.4485399055964659,0
Shop 029,3,1,1829.708,0.0,0,5,5,1,1,0.2081615140137419,0
Shop 030,95,6,5019.578399999999,3.3826382753136013,1,1,5,2,1,0.695947205074395,1
Shop 031,10,4,9377.3656,5.470788520291646,0,4,2,1,2,0.11200335289186925,0
Shop 032,34,3,14396.944,1.370662545817365,1,2,5,1,2,0.7254626705422473,1
Shop 033,139,3,24187.64,7.622677274626697,0,1,1,1,3,0.017600211621606802,0
Shop 034,39,17,21433.4728,4.744606434163372,0,2,3,4,3,0.18789846237404814,0
Shop 035,145,12,46328.735199999996,5.909258077018362,0,1,2,3,4,0.22111046037637483,0
Shop 036,4,1,73.63199999999999,0.0,0,5,5,1,1,0.2081615140137419,0
Shop 037,4,31,34919.976,3.57428071532628,1,5,4,5,4,1.0,1
Shop 038,125,59,110683.99999999999,9.085636316577443,0,1,1,5,5,0.03429084380610413,0
Shop 039,2,25,45077.7936,5.255483405618576,1,5,3,5,4,1.0,1
Shop 040,184,3,2064.3864,3.73556348222208,0,1,4,1,1,0.11453527858751932,0
Shop 041,32,10,10543.2528,2.6692219703296436,1,2,5,2,2,0.7006624774187274,1
Shop 042,32,12,6681.1128,2.7033514087215136,1,2,5,3,1,0.9622718041984843,1
Shop 043,47,10,6391.0688,3.487635467156296,1,2,5,2,1,0.6143046909552258,1
Shop 044,194,3,2279.9487999999997,2.9605841934196553,0,1,5,1,1,0.09446510081257907,0
Shop 045,18,28,27679.3072,4.7940824673807425,1,3,3,5,3,0.9533379888268156,1
Shop 046,3,2,6223.32,6.557438524301998,0,5,2,1,1,0.2040797446295635,0
Shop 047,3,6,19603.387199999997,5.919112613442746,0,5,2,2,3,0.25708001843396616,0
Shop 048,17,5,11550.0288,7.232944774787951,1,3,1,1,2,0.4174917231191327,0
Shop 049,95,3,2069.6256,3.9452719881487197,0,1,4,1,1,0.11453527858751932,0
Shop 050,461,1,473.65199999999993,0.0,0,1,5,1,1,0.09446510081257907,0
Shop 051,11,13,23738.7208,4.64789357431126,0,4,3,3,3,0.12333798882681563,0
Shop 052,40,19,73646.8208,5.486360023151825,1,2,2,4,5,0.4833323470187777,0
Shop 053,24,14,27002.7896,4.394206318561591,1,3,4,3,3,1.0,1
Shop 054,4,10,20498.0632,6.06909482311749,0,5,2,2,3,0.25708001843396616,0
Shop 055,17,13,15285.0592,3.569859651161945,1,3,4,3,2,0.48325255651897636,0
Shop 056,59,12,47233.7952,6.142012314816283,1,1,2,3,4,0.22111046037637483,0
Shop 057,3,8,7933.2816,3.3336738654738833,1,5,5,2,2,0.8642478524790562,1
Shop 058,19,1,995.448,0.0,0,3,5,1,1,0.44360462529871036,0
Shop 059,109,3,6217.231199999999,5.668834306800577,1,1,2,1,1,0.11094012597462946,0
Shop 060,10,6,7483.5599999999995,4.48493155138865,0,4,4,2,2,0.30195891078678927,0
Shop 061,2,3,2374.0656,4.158275560498257,0,5,4,1,1,0.02511570387214566,0
Shop 062,3,4,6497.552,4.775113875971003,1,5,3,1,1,0.284863339435892,0
Shop 063,24,13,41421.4928,7.547754616373507,1,3,1,3,4,1.0,1
Shop 064,17,9,29841.869599999998,8.19407086184102,1,3,1,2,4,0.9361884949061071,1
Shop 065,18,8,30733.7136,5.438993263350616,1,3,2,2,4,0.9925039287585123,1
Shop 066,6,23,46113.8336,5.266173372822745,1,5,3,5,4,1.0,1
Shop 067,19,15,21404.7752,4.911135483935538,1,3,3,4,3,0.8187577480047992,1
Shop 068,6,16,21003.480799999998,4.431835860438852,1,5,4,4,3,0.7717367425609052,1
Shop 069,47,7,8663.8904,4.646625980744104,1,2,3,2,2,0.4116129529674934,0
Shop 070,10,10,13585.670399999999,4.431891969242944,0,4,4,2,2,0.30195891078678927,0
Shop 071,54,10,27359.2912,6.026473489201575,1,2,2,2,3,0.6134549729648316,1
Shop 072,31,8,11770.0752,3.8503810228183495,1,2,4,2,2,0.7764144484069953,1
Shop 073,19,13,23278.1904,3.9605141790229266,1,3,4,3,3,1.0,1
Shop 074,19,10,8875.1104,4.853712637518908,0,3,3,2,2,0.7475192776480739,1
Shop 075,58,10,37174.9088,7.388265103238898,1,1,1,2,4,0.12073428538067513,0
Shop 076,11,1,38060.5696,0.0,0,4,5,1,4,0.12333798882681563,0
Shop 077,86,7,7425.0792,4.8800058172980485,0,1,3,2,2,0.0,0
Shop 078,3,24,73153.2032,6.9925811797553274,1,5,1,5,5,1.0,1
Shop 079,74,11,29431.56,1.8818118915670208,0,1,5,3,4,0.02351114036733242,0
Shop 080,17,7,16039.3152,5.30689442873099,0,3,3,2,3,0.5336966434186671,1
Shop 081,5,29,150758.452,7.369645150489894,1,5,1,5,5,1.0,1
Shop 082,131,25,98269.7864,2.937248379331428,0,1,5,5,5,0.01,0
Shop 083,16,9,8828.6656,4.18089657017632,1,3,4,2,2,0.7433241457715819,1
Shop 084,17,6,6790.5696,4.66284434084377,0,3,3,2,1,0.2567285405851313,0
Shop 085,4,1,809.9519999999999,0.0,0,5,5,1,1,0.2081615140137419,0
Shop 086,66,2,63037.488,4.358898943540673,1,1,4,1,5,0.733455698248502,1
Shop 087,33,10,74445.91679999999,6.005997574104269,1,2,2,2,5,0.7934793838876917,1
Shop 089,234,4,2955.8999999999996,4.937213165607537,0,1,3,1,1,0.2482121194520469,0
Shop 090,4,25,66644.8424,5.086161323112537,1,5,3,5,5,1.0,1
Shop 091,5,50,332001.968,8.039669204956525,1,5,1,5,5,1.0,1
Shop 092,6,1,1177.876,0.0,0,5,5,1,1,0.2081615140137419,0
Shop 093,31,9,44976.8328,8.551221146556182,0,2,1,2,4,0.5172482792693881,1
Shop 094,26,6,11000.3848,4.4144806351233665,1,2,4,2,2,0.7764144484069953,1
Shop 095,34,9,6631.4112,1.9384135473636461,0,2,5,2,1,0.6143046909552258,1
Shop 096,256,2,2560.1279999999997,5.47722557505166,0,1,2,1,1,0.11094012597462946,0
Shop 097,30,20,35826.452,7.293539056411546,1,2,1,4,4,0.9360658196822574,1
Shop 098,235,2,2806.4647999999997,6.855654600401044,1,1,1,1,1,0.24113970971031246,0
Shop 099,25,5,4218.1224,3.661333759095491,1,3,4,1,1,0.751163884115958,1
Shop 100,6,17,30376.4096,3.603941656293381,0,5,4,4,4,0.5467626653569551,1
Shop 101,17,14,17958.5616,4.087846642897994,1,3,4,3,3,1.0,1
Shop 102,6,18,73806.3568,6.34213789627801,1,5,2,4,5,0.5938854937425329,1
Shop 103,3,11,27118.6656,1.601041511391922,1,5,5,3,3,0.9688776414060897,1
Shop 104,20,19,24203.263199999998,4.511109909781135,0,3,4,4,3,0.7464322998167319,1
Shop 105,6,56,452137.6736,5.569678068014863,1,5,2,5,5,0.615753991865622,1
Shop 106,3,10,14150.229599999999,4.509650397041454,0,5,4,2,2,0.6671770236292222,1
Shop 107,25,13,43880.896,7.467285198233587,1,3,1,3,4,1.0,1
Shop 108,5,21,27153.9712,4.487305348821893,1,5,4,4,3,0.7717367425609052,1
Shop 109,6,16,13305.1136,2.259066976404744,1,5,5,4,2,1.0,1
Shop 110,5,25,346330.94399999996,9.466784759699458,1,5,1,5,5,1.0,1
Shop 111,37,12,14614.064,4.554899674773895,0,2,3,3,2,0.6284328557910535,1
Shop 112,16,14,22428.1656,6.752962507681279,1,3,1,3,3,0.8933379888268156,1
Shop 113,48,10,22047.9224,7.464527935712228,1,2,1,2,3,0.4028243957028198,0
Shop 114,23,22,49265.471999999994,2.1943329925285595,1,3,5,4,4,1.0,1
Shop 115,3,11,40678.5176,4.168021025488299,1,5,4,3,4,0.9893430139524437,1
Shop 116,6,10,16703.7024,4.180776414349386,1,5,4,2,3,0.7872922435343669,1
Shop 117,122,3,580.8432,2.277049861296205,0,1,5,1,1,0.09446510081257907,0
Shop 119,3,2,5327.9832,6.0827625302982185,1,5,2,1,1,0.2040797446295635,0
Shop 120,6,2,18226.752,6.4031242374328485,0,5,2,1,3,0.09534134171868487,0
Shop 121,18,4,8290.3496,6.661476653832961,0,3,1,1,2,0.4174917231191327,0
Shop 122,69,3,4195.9856,5.168156818243733,1,1,3,1,1,0.2482121194520469,0
Shop 123,81,1,1210.7272,0.0,0,1,5,1,1,0.09446510081257907,0
Shop 124,26,2,4549.0416,6.244997998398399,1,2,2,1,1,0.5150370335477286,1
Shop 125,3,4,10433.4184,8.394223071873736,0,5,1,1,2,0.02002569738981354,0
Shop 126,87,7,33118.1632,7.068404227398976,0,1,1,2,4,0.12073428538067513,0
Shop 127,93,8,20270.3232,5.113745559341806,0,1,3,2,3,0.018008378017497377,0
Shop 128,3,13,41133.8088,8.246961728470984,0,5,1,3,4,0.21281706245362167,0
Shop 129,68,6,6168.662399999999,4.430058014430345,0,1,4,2,1,0.25014815367059723,0
Shop 130,17,12,19925.8576,5.562010320610096,1,3,2,3,3,1.0,1
Shop 131,19,28,111665.38239999999,7.071001824186049,1,3,1,5,5,1.0,1
Shop 132,37,9,45986.96,8.684298403331436,0,2,1,2,4,0.5172482792693881,1
Shop 133,95,5,6808.5527999999995,5.1774326793195655,0,1,3,1,1,0.2482121194520469,0
Shop 134,23,9,15963.276,5.445487699273697,0,3,2,2,2,0.5938888919794851,1
Shop 135,377,7,36029.742399999996,8.625531728445596,0,1,1,2,4,0.12073428538067513,0
Shop 136,10,10,28172.169599999997,7.5387485566569845,1,4,1,2,4,0.9296234581916762,1
Shop 137,16,10,13029.4656,4.487736192804909,1,3,4,2,2,0.7433241457715819,1
Shop 138,4,3,2077.0832,3.3213319091848565,1,5,5,1,1,0.2081615140137419,0
Shop 139,41,15,15412.0744,3.3827291744021935,0,2,5,4,2,0.5060121240733639,1
Shop 140,6,28,82243.12079999999,5.446045055438402,1,5,2,5,5,0.615753991865622,1
Shop 141,27,9,14111.6672,5.148719619741577,0,2,3,2,2,0.4116129529674934,0
Shop 142,32,12,23144.7088,5.17214924882705,1,2,3,3,3,0.7198035409191115,1
Shop 143,80,7,28126.007999999998,7.287795152521448,0,1,1,2,4,0.12073428538067513,0
Shop 144,507,2,6813.7919999999995,5.5677643628300215,0,1,2,1,1,0.11094012597462946,0
Shop 145,33,3,2288.6808,4.485526144352151,1,2,4,1,1,0.22256626423718653,0
Shop 146,13,36,652725.024,1.6193896144768105,1,4,5,5,5,1.0,1
Shop 147,39,12,15583.504799999999,4.645441249775688,1,2,3,3,2,0.6284328557910535,1
Shop 148,13,11,20668.9744,6.956016594056717,1,4,1,3,3,0.8364974507193756,1
Shop 149,11,12,14271.9584,3.473001994982909,1,4,5,3,2,0.9693575279291443,1
Shop 150,20,18,21119.7816,4.026305673511209,1,3,4,4,3,0.7464322998167319,1
Shop 151,13,8,13730.810399999998,5.076996020125195,1,4,3,2,2,0.9511193841756529,1
Shop 152,33,7,33219.1712,8.637953816697294,1,2,1,2,4,0.5172482792693881,1
Shop 153,206,4,10603.952,6.796874987232889,0,1,1,1,2,0.0844721215579699,0
Shop 154,4,13,23830.3832,8.291214715692991,1,5,1,3,3,0.7496969902550221,1
Shop 155,68,12,845422.7999999999,5.338809732541223,0,1,3,3,5,0.03992876171964559,0
Shop 156,314,1,459.06719999999996,0.0,0,1,5,1,1,0.09446510081257907,0
Shop 157,3,9,12353.184,4.061961519826235,1,5,4,2,2,0.6671770236292222,1
Shop 158,18,6,13332.678399999999,5.043902710697052,1,3,3,2,2,0.7475192776480739,1
Shop 159,10,22,59396.5744,5.334514092286876,1,4,3,4,4,1.0,1
Shop 160,13,25,28893.2912,5.822985040228562,1,4,2,5,4,1.0,1
Shop 161,69,12,24243.6664,6.970582944279349,0,1,1,3,3,0.1316480237870785,0
Shop 162,38,6,7040.6352,4.529836927107631,1,2,3,2,1,0.7716840797467539,1
Shop 163,5,11,18122.5344,3.960831945455703,1,5,4,3,3,0.566606004846856,1
Shop 164,16,15,19151.872,3.553364126522207,1,3,4,4,3,0.7464322998167319,1
Shop 165,6,11,46420.256,2.029643632383245,1,5,5,3,4,1.0,1
Shop 166,6,56,159459.4888,7.130488062892181,1,5,1,5,5,1.0,1
Shop 167,11,26,26906.2656,3.9182486601340667,1,4,4,5,3,1.0,1
Shop 168,12,9,15569.1088,4.062601729817932,1,4,4,2,2,0.30195891078678927,0
Shop 169,10,7,3250.9943999999996,2.4063578408521304,1,4,5,2,1,0.6444086539414566,1
Shop 170,9,19,165186.54799999998,6.049143267759742,0,4,2,4,5,0.7188382116818527,1
Shop 171,46,12,8369.409599999999,3.391689450095914,1,2,5,3,2,0.9831555093093058,1
Shop 172,24,34,333704.2832,3.5834605564065347,1,3,4,5,5,1.0,1
Shop 173,69,7,6018.236,4.281942964886106,0,1,4,2,1,0.25014815367059723,0
Shop 174,341,8,22118.108799999998,5.3599977616724805,0,1,3,2,3,0.018008378017497377,0
Shop 175,6,29,80028.0248,6.570292581467592,0,5,2,5,5,0.615753991865622,1
Shop 176,5,60,452770.72,2.8077540823169476,1,5,5,5,5,1.0,1
Shop 177,3,11,18941.36,1.5035965114138172,1,5,5,3,3,0.9688776414060897,1
Shop 178,3,28,34078.2112,3.783732645693022,1,5,4,5,4,1.0,1
Shop 179,4,23,58016.3992,4.247587887504328,1,5,4,5,4,1.0,1
Shop 180,34,39,236585.4216,5.872594912410652,1,2,2,5,5,0.9755607259190322,1
Shop 181,17,10,10016.1232,3.7434486467773858,1,3,4,2,2,0.7433241457715819,1
Shop 182,48,21,20240.2096,2.138810371192726,0,2,5,4,3,0.3193167983508328,0
Shop 183,67,2,1449.984,1.4142135623730951,1,1,5,1,1,0.09446510081257907,0
Shop 184,34,11,20117.6784,4.737171369586019,1,2,3,3,3,0.7198035409191115,1
Shop 185,186,3,8277.7944,5.456711262888777,0,1,2,1,2,0.03444625516395908,0
Shop 186,3,6,3159.8511999999996,2.621070377435344,1,5,5,2,1,0.6152040743315014,1
Shop 187,279,2,4682.1928,7.0,0,1,1,1,1,0.24113970971031246,0
Shop 188,19,32,46332.5584,4.759726895064069,1,3,3,5,4,1.0,1
Shop 189,116,13,75370.848,2.2368980989251033,0,1,5,3,5,0.0,0
Shop 190,2,44,759363.6536,7.522745689659366,1,5,1,5,5,1.0,1
Shop 191,6,36,28603.5304,10.676590382527841,1,5,1,5,4,1.0,1
Shop 192,6,40,51571.5696,4.059073416193735,1,5,4,5,4,1.0,1
Shop 193,68,2,3982.9248,7.549834435270752,0,1,1,1,1,0.24113970971031246,0
Shop 194,10,11,23495.4048,5.698381007203087,1,4,2,3,3,0.6343249475762897,1
Shop 195,20,11,18839.2664,5.02247697848067,1,3,3,3,3,0.9846510538333847,1
Shop 196,20,10,23361.0736,4.244370728585702,1,3,4,2,3,0.8742284883525394,1
Shop 197,4,29,142562.4552,5.622170009766186,0,5,2,5,5,0.615753991865622,1
Shop 198,5,20,18307.747199999998,7.815449530878753,1,5,1,4,3,0.761713545005517,1
Shop 199,6,22,27015.061599999997,4.435140832504202,1,5,4,4,3,0.7717367425609052,1
Shop 200,9,14,11751.9976,3.5771031119519634,1,4,4,3,2,0.6210980601057063,1
Shop 201,20,8,5378.723199999999,3.5640211356508527,1,3,4,2,1,0.590418255799146,1
Shop 202,514,1,38.5152,0.0,0,1,5,1,1,0.09446510081257907,0
Shop 203,5,26,54254.3704,5.955486754372245,1,5,2,5,4,1.0,1
Shop 204,23,12,48001.0312,7.056833978754985,1,3,1,3,4,1.0,1
Shop 205,565,1,1598.0032,0.0,0,1,5,1,1,0.09446510081257907,0
Shop 207,52,2,4730.856,7.937253933193771,0,2,1,1,1,0.09185883863984996,0
Shop 208,27,10,14877.628799999999,4.612760847334086,1,2,3,2,2,0.4116129529674934,0
Shop 209,107,5,5839.7256,3.8358231411262853,0,1,4,1,1,0.11453527858751932,0
Shop 210,4,40,333596.85599999997,4.573272353518581,1,5,3,5,5,1.0,1
Shop 211,4,14,16310.715199999999,4.594627165668389,0,5,3,3,3,0.24130689520468615,0
Shop 212,235,12,28417.467999999997,5.590020781116728,0,1,2,3,4,0.22111046037637483,0
Shop 213,186,6,12583.425599999999,3.7277078503269783,0,1,4,2,2,0.22638925103720453,0
Shop 214,2,19,85299.368,5.492158000365997,1,5,2,4,5,0.5938854937425329,1
Shop 215,30,24,84082.6464,8.290559224683298,1,2,1,5,5,0.6243283697738379,1
Shop 216,69,3,24901.304,7.7640712832727905,0,1,1,1,3,0.017600211621606802,0
Shop 217,87,8,9009.2528,4.73853298543526,0,1,3,2,2,0.0,0
Shop 218,73,8,6445.632,3.7127552158224857,1,1,4,2,1,0.25014815367059723,0
Shop 219,6,10,6727.132799999999,4.0032175316523455,0,5,4,2,1,0.5863009150568046,1
Shop 220,54,3,5693.4528,5.546102640967421,1,2,2,1,1,0.5150370335477286,1
Shop 221,6,11,66811.4112,5.723451300177538,1,5,2,3,5,0.9004827532793126,1
Shop 222,6,20,43142.4048,6.092430025155407,1,5,2,4,4,1.0,1
Shop 223,20,24,97816.9968,6.683685005051694,1,3,1,5,5,1.0,1
Shop 224,26,10,19306.451999999997,4.892901737433625,1,2,3,2,3,0.979632185524789,1
Shop 225,115,8,10495.6752,1.9729095971805506,0,1,5,2,2,0.13026027026505343,0
Shop 226,235,6,57706.5312,4.90925940118679,0,1,3,2,4,0.029920013935217305,0
Shop 227,26,8,11506.6992,3.832379598827288,1,2,4,2,2,0.7764144484069953,1
Shop 228,202,19,27578.5824,3.7558694732709865,0,1,4,4,3,0.05834322442890988,0
Shop 229,5,17,23394.538399999998,5.042063329676759,1,5,3,4,3,0.10890310644010018,0
Shop 230,258,3,5730.1744,5.815298490691163,0,1,2,1,1,0.11094012597462946,0
Shop 231,5,42,502421.4384,12.080534269523769,1,5,1,5,5,1.0,1
Shop 232,34,12,18116.4928,2.928073550247049,1,2,5,3,3,0.93,1
Shop 233,40,15,21220.2232,4.993505418929287,0,2,3,4,3,0.18789846237404814,0
Shop 234,16,11,14072.68,3.9310757970645986,0,3,4,3,2,0.48325255651897636,0
Shop 235,16,24,25951.8816,3.695044228758604,1,3,4,5,3,1.0,1
Shop 236,17,6,12032.6016,5.866226971901919,1,3,2,2,2,0.5938888919794851,1
Shop 237,45,8,3096.3671999999997,2.4978481209036083,1,2,5,2,1,0.6143046909552258,1
Shop 238,6,45,331975.72479999997,15.663181023944636,1,5,1,5,5,1.0,1
Shop 239,27,20,73816.9296,8.208715576532365,1,2,1,4,5,0.9933379888268157,1
Shop 240,11,20,53876.7232,6.285784619578302,1,4,2,4,4,0.9960050251256282,1
Shop 241,12,19,38902.4288,5.078887171798329,1,4,3,4,4,1.0,1
Shop 242,60,6,5691.234399999999,3.332570361884466,1,1,5,2,1,0.695947205074395,1
Shop 243,17,20,37055.1624,4.973722839821009,1,3,3,4,4,1.0,1
Shop 244,27,41,106909.9824,8.675117559537357,0,2,1,5,5,0.6243283697738379,1
Shop 245,12,29,167904.1824,10.372334119000136,1,4,1,5,5,1.0,1
Shop 246,130,5,4563.0599999999995,3.834223329607437,0,1,4,1,1,0.11453527858751932,0
Shop 247,46,10,18161.0968,4.886255622809436,1,2,3,2,3,0.979632185524789,1
Shop 248,6,48,470622.13759999996,13.028963190027206,1,5,1,5,5,1.0,1
Shop 249,51,2,1171.3152,2.6457513110645903,0,2,5,1,1,0.15547781197210583,0
Shop 250,6,48,273545.0984,12.75291676365697,1,5,1,5,5,1.0,1
Shop 251,23,12,18084.5856,4.172766021923329,1,3,4,3,3,1.0,1
Shop 252,6,46,276391.5416,15.318922580343228,1,5,1,5,5,1.0,1
Shop 253,6,48,467580.192,9.619695586415231,1,5,1,5,5,1.0,1
Shop 254,2,55,873008.6984,12.703639722154655,1,5,1,5,5,1.0,1
Shop 255,23,24,19499.6416,3.1314223080065218,1,3,5,5,3,0.98,1
Shop 256,6,44,93266.96399999999,10.188663885742667,1,5,1,5,5,1.0,1
Shop 257,66,15,19627.270399999998,4.512533905710597,0,1,4,4,3,0.05834322442890988,0
Shop 258,17,14,8084.510399999999,3.42306152247629,1,3,5,3,2,0.5170393938485668,1
Shop 259,12,38,193748.87279999998,5.029837819042925,1,4,3,5,5,1.0,1
Shop 260,6,47,153758.6256,10.374495779385557,1,5,1,5,5,1.0,1
Shop 262,6,5,10444.416,5.660684069158619,0,5,2,1,2,0.38009698761181,0
Shop 263,30,11,16990.1592,7.555191148537566,0,2,1,3,3,0.2985348124263576,0
Shop 264,291,1,1014.2808,0.0,0,1,5,1,1,0.09446510081257907,0
Shop 265,27,9,13616.208799999999,5.013669308495162,1,2,3,2,2,0.4116129529674934,0
Shop 266,12,5,6733.5048,3.698795660858027,0,4,4,1,1,0.29476912655136656,0
Shop 267,13,20,40756.4448,5.478550193477401,1,4,2,4,4,0.9960050251256282,1
Shop 268,16,20,84512.544,5.526606639123501,1,3,2,4,5,0.9080906013092671,1
Shop 269,39,12,49896.9608,7.683713884886112,1,2,1,3,4,0.6781590541190222,1
Shop 270,10,8,11043.903199999999,6.5529882520892135,1,4,2,2,2,0.46782259025529416,0
Shop 271,72,7,20405.551199999998,7.121695483279903,1,1,1,2,3,0.7150587071152726,1
Shop 272,16,13,47226.101599999995,10.026800101869513,1,3,1,3,4,1.0,1
Shop 273,4,7,3296.3064,3.5261090487651225,1,5,4,2,1,0.5863009150568046,1
Shop 274,27,8,19105.7576,5.757242037161259,1,2,2,2,3,0.6134549729648316,1
Shop 275,20,15,15142.1376,3.9177738529217856,1,3,4,4,2,0.9321046780830062,1
Shop 276,11,8,23796.9184,7.303093113550925,1,4,1,2,3,0.363297602989254,0
Shop 277,27,12,78523.9968,8.176307666554582,1,2,1,3,5,0.9209933019754402,1
Shop 278,30,12,19436.3464,4.219649689545919,1,2,4,3,3,0.9853425318976408,1
Shop 279,529,1,338.2824,0.0,0,1,5,1,1,0.09446510081257907,0
Shop 280,27,27,18067.3576,3.117357720170754,1,2,5,5,3,0.8533379888268157,1
Shop 281,27,12,22461.7248,4.457614560304008,1,2,4,3,3,0.9853425318976408,1
Shop 282,473,2,3302.6784,5.830951894845301,0,1,2,1,1,0.11094012597462946,0
Shop 283,13,13,31067.8896,4.487704960554119,1,4,4,3,4,0.9971471291866029,1
Shop 284,31,11,21081.408,5.148127049485097,1,2,3,3,3,0.7198035409191115,1
Shop 285,16,11,17808.371199999998,4.0776981877078144,1,3,4,3,3,1.0,1
Shop 286,4,4,10042.271999999999,6.398400084383081,1,5,2,1,2,0.38009698761181,0
Shop 287,12,9,11605.1584,3.8278496515922904,0,4,4,2,2,0.30195891078678927,0
Shop 288,13,50,51609.4712,3.313659087466189,1,4,5,5,4,0.99,1
Shop 289,5,15,27411.7304,4.7203128410825235,0,5,3,4,3,0.10890310644010018,0
Shop 290,4,14,19399.011199999997,4.4302591709716825,0,5,4,3,3,0.566606004846856,1
Shop 291,24,13,45226.568,6.627781980342897,1,3,2,3,4,1.0,1
Shop 293,67,3,2863.4352,4.20883424647321,0,1,4,1,1,0.11453527858751932,0
Shop 294,58,4,5980.6648,5.359023401087518,0,1,3,1,1,0.2482121194520469,0
Shop 295,26,11,17010.124799999998,5.626335385335261,1,2,2,3,3,0.9503735083880471,1
Shop 296,6,25,41993.037599999996,5.45679771898989,1,5,2,5,4,1.0,1
Shop 297,97,2,2108.424,4.582575694955841,1,1,3,1,1,0.2482121194520469,0
Shop 298,5,24,104529.356,7.112776254807264,1,5,1,5,5,1.0,1
Shop 299,163,46,127600.48,2.5200813421916988,0,1,5,5,5,0.01,0
Shop 300,6,15,25578.5768,5.167002740215221,0,5,3,4,3,0.10890310644010018,0
Shop 301,152,6,8394.4728,5.9670318207631485,0,1,2,2,2,0.2298955444357568,0
Shop 302,33,9,8724.7312,4.065892011413876,1,2,4,2,2,0.7764144484069953,1
Shop 303,31,23,97783.39039999999,7.900655334700175,1,2,1,5,5,0.6243283697738379,1
Shop 304,131,6,8804.216,5.894416203995959,0,1,2,2,2,0.2298955444357568,0
Shop 305,10,12,99317.06,10.071724227607925,1,4,1,3,5,0.9790119413858328,1
Shop 306,44,8,2442.6,2.6788336752916986,1,2,5,2,1,0.6143046909552258,1
Shop 307,2,32,58736.907199999994,5.222305025651215,1,5,3,5,4,1.0,1
Shop 308,2,2,3447.488,5.0990195135927845,0,5,3,1,1,0.284863339435892,0
Shop 309,73,13,21430.7352,4.610530779680775,0,1,3,3,3,0.3003401755912007,0
Shop 310,32,8,5823.7248,3.6108533756463346,1,2,4,2,1,0.9942942583732058,1
Shop 311,5,5,47033.856,1.936098111646361,0,5,5,1,4,0.1662951329399033,0
Shop 312,67,12,10294.32,5.169328473588569,1,1,3,3,2,0.7701749750464499,1
Shop 313,311,1,2332.6711999999998,0.0,0,1,5,1,1,0.09446510081257907,0
Shop 314,6,9,17130.5792,5.572418661944391,1,5,2,2,3,0.25708001843396616,0
Shop 315,13,11,9318.9792,2.0213272970808593,1,4,5,3,2,0.9693575279291443,1
Shop 316,26,9,15297.236799999999,5.322963621211631,1,2,3,2,2,0.4116129529674934,0
Shop 317,39,24,61009.209599999995,6.475358370660596,1,2,2,5,5,0.9755607259190322,1
Shop 318,27,30,104316.5312,6.65623492721838,1,2,2,5,5,0.9755607259190322,1
Shop 319,149,21,62472.6928,5.7237125232333375,0,1,2,4,5,0.011113181183046111,0
Shop 320,32,6,3490.0152,3.2084376887541177,1,2,5,2,1,0.6143046909552258,1
Shop 321,16,18,42627.3112,6.197771354746305,1,3,2,4,4,1.0,1
Shop 322,4,13,37297.912,6.543688815227713,1,5,2,3,4,0.931431137724551,1
Shop 323,40,12,51996.7,7.801242299558854,0,2,1,3,4,0.6781590541190222,1
Shop 324,33,6,15024.9872,2.70022484820987,1,2,5,2,2,0.7006624774187274,1
Shop 325,122,2,2971.3343999999997,6.0,1,1,2,1,1,0.11094012597462946,0
Shop 326,12,24,38002.0416,8.381487226923298,1,4,1,5,4,1.0,1
Shop 327,13,26,99214.7304,6.287300988933827,1,4,2,5,5,1.0,1
Shop 328,23,21,28483.8312,5.228861971974837,1,3,3,4,4,1.0,1
Shop 329,12,19,19969.8952,3.164641585174001,1,4,5,4,3,0.98,1
Shop 330,31,23,46133.138399999996,4.966675342937255,1,2,3,5,4,0.5306178604644202,1
Shop 331,27,10,17529.4192,4.247240877607332,1,2,4,2,3,0.9635331917509724,1
Shop 332,20,4,8474.6184,5.681187330584321,1,3,2,1,2,0.44199351738949644,0
Shop 333,3,4,11168.605599999999,6.836329357360497,0,5,1,1,2,0.02002569738981354,0
Shop 334,5,11,23342.288,5.925856035828795,0,5,2,3,3,0.19455736974201315,0
Shop 335,13,6,7475.536,4.615460499478016,1,4,3,2,2,0.9511193841756529,1
Shop 336,75,5,7069.049599999999,4.994734421616642,1,1,3,1,1,0.2482121194520469,0
Shop 337,6,10,17736.9104,5.641955270518864,1,5,2,2,3,0.25708001843396616,0
Shop 338,2,10,6831.0199999999995,2.702184720445357,0,5,5,2,1,0.6152040743315014,1
Shop 339,27,11,33690.0384,2.539200148395026,1,2,5,3,4,0.97,1
Shop 340,34,4,30375.0408,8.911878105782906,0,2,1,1,4,0.20976400545305487,0
Shop 341,5,35,77180.82639999999,4.087042008193375,1,5,4,5,5,1.0,1
Shop 342,13,28,117629.5272,7.099350209409652,1,4,1,5,5,1.0,1
Shop 343,10,7,10065.9664,4.576913963300151,1,4,3,2,2,0.9511193841756529,1
Shop 344,37,13,15337.6872,4.061609501563709,1,2,4,3,2,0.9763046679021619,1
Shop 345,5,19,25124.1352,3.2700595775640973,1,5,5,4,3,1.0,1
Shop 346,17,34,62520.0344,4.719406676470681,1,3,3,5,5,1.0,1
Shop 347,81,4,2820.6248,3.7466152894241427,0,1,4,1,1,0.11453527858751932,0
Shop 348,389,1,406.392,0.0,0,1,5,1,1,0.09446510081257907,0
Shop 349,20,30,76048.92319999999,7.538939667058382,1,3,1,5,5,1.0,1
Shop 350,13,64,263797.024,5.947120553030495,1,4,2,5,5,1.0,1
Shop 351,118,49,113678.60399999999,6.358068066457861,0,1,2,5,5,0.011113181183046111,0
Shop 352,13,26,92199.8192,5.293243396851115,1,4,3,5,5,1.0,1
Shop 353,262,2,1316.5023999999999,3.8729833462074166,0,1,4,1,1,0.11453527858751932,0
Shop 354,30,8,50141.3152,8.209589953124578,1,2,1,2,4,0.5172482792693881,1
Shop 355,11,19,278459.3264,6.536086540695998,1,4,2,4,5,0.7188382116818527,1
Shop 356,16,19,25925.8744,4.191477267213896,1,3,4,4,3,0.7464322998167319,1
Shop 357,157,6,8602.3416,4.784706283952334,0,1,3,2,2,0.0,0
Shop 358,2,55,143383.7824,5.36480468256487,1,5,3,5,5,1.0,1
Shop 359,5,22,45036.918399999995,4.496007926088739,1,5,4,4,4,0.5467626653569551,1
Shop 360,6,16,23392.3672,4.939926904292968,0,5,3,4,3,0.10890310644010018,0
Shop 361,20,10,11266.168,4.9833649069459005,1,3,3,2,2,0.7475192776480739,1
Shop 362,20,8,5912.4136,3.395901909628514,0,3,5,2,1,0.3833606554180303,0
Shop 363,19,18,32805.7936,3.536250540011249,1,3,4,4,4,0.9933379888268157,1
Shop 364,19,17,35036.1824,5.514113312963056,1,3,2,4,4,1.0,1
Shop 365,20,18,61490.7912,5.153993896766061,1,3,3,4,5,0.9860050251256282,1
Shop 366,20,30,23780.4928,4.223828521173485,1,3,4,5,3,1.0,1
Shop 367,137,13,29163.511199999997,5.233084028982516,0,1,3,3,4,0.06547145425548352,0
Shop 368,2,11,9712.627199999999,3.4927245365317217,0,5,4,3,2,0.7626888962719016,1
Shop 369,20,15,13105.693599999999,4.778424361691926,0,3,3,4,2,0.29584191758532796,0
Shop 370,54,17,36513.023199999996,5.869469594252915,1,2,2,4,4,0.7375302413913363,1
Shop 371,23,8,8092.959199999999,3.766800088772657,1,3,4,2,2,0.7433241457715819,1
Shop 372,12,14,18450.6216,4.532629195380477,0,4,3,3,3,0.12333798882681563,0
Shop 373,26,13,56057.504799999995,8.789872727298205,1,2,1,3,4,0.6781590541190222,1
Shop 374,47,7,18944.0504,7.727580003943141,0,2,1,2,3,0.4028243957028198,0
Shop 375,405,10,12651.5352,4.989764498517428,0,1,3,2,2,0.0,0
Shop 376,101,2,3819.3296,6.324555320336759,0,1,2,1,1,0.11094012597462946,0
Shop 377,87,10,15742.2856,4.229329638833219,0,1,4,2,2,0.22638925103720453,0
Shop 378,30,2,53128.31999999999,2.0,1,2,5,1,4,0.6731876237069184,1
Shop 379,13,18,78221.492,5.957856925200178,1,4,2,4,5,0.7188382116818527,1
Shop 380,37,25,52979.781599999995,4.629197380020994,0,2,3,5,4,0.5306178604644202,1
Shop 381,48,9,19120.012,6.379130323850025,0,2,2,2,3,0.6134549729648316,1
Shop 382,33,10,26230.975199999997,5.364691499857435,1,2,3,2,3,0.979632185524789,1
Shop 383,20,11,65647.7896,7.079482548720671,1,3,1,3,5,0.9960050251256282,1
Shop 384,23,8,3742.2519999999995,3.4820605627576136,1,3,5,2,1,0.3833606554180303,0
Shop 385,30,6,5966.6936,3.773715026506398,1,2,4,2,1,0.9942942583732058,1
Shop 386,13,14,18737.8808,6.200616875620426,0,4,2,3,3,0.6343249475762897,1
Shop 387,9,13,32660.417599999997,5.060428524812854,1,4,3,3,4,0.98,1
Shop 388,93,4,2121.5928,2.847494983723771,0,1,5,1,1,0.09446510081257907,0
Shop 389,46,14,25862.956799999996,0.7504462857634028,1,2,5,3,3,0.93,1
Shop 390,13,14,33701.0832,6.0895607202838855,1,4,2,3,4,0.9971471291866029,1
Shop 391,67,6,8047.2696,4.1763445029628965,1,1,4,2,2,0.22638925103720453,0
Shop 392,19,14,16037.4272,4.8353142828679685,1,3,3,3,2,0.8941956132184263,1
Shop 393,5,11,18802.639199999998,4.608558079648308,0,5,3,3,3,0.24130689520468615,0
Shop 394,33,11,16168.2184,5.361285345600609,0,2,3,3,3,0.7198035409191115,1
Shop 395,4,15,55715.6352,1.3705354026018663,1,5,5,4,4,0.8362024613865539,1
Shop 396,2,15,35384.5656,5.874879403949455,1,5,2,4,4,1.0,1
Shop 397,10,11,46303.2472,7.224628948606111,1,4,1,3,4,0.6036032888008923,1
Shop 398,297,1,1872.4712,0.0,0,1,5,1,1,0.09446510081257907,0
Shop 399,16,15,13413.7208,2.621997011370376,1,3,5,4,2,0.9332844379947247,1
Shop 400,186,4,2224.8664,2.9043130886261705,0,1,5,1,1,0.09446510081257907,0
Shop 401,73,5,11867.732,7.2346689816585705,1,1,1,1,2,0.0844721215579699,0
Shop 402,4,2,2099.0784,1.7320508075688772,1,5,5,1,1,0.2081615140137419,0
Shop 403,6,23,26390.6528,4.303099765723066,1,5,4,5,3,0.9799050803485588,1
Shop 404,55,14,17008.7088,5.05888782673773,0,1,3,3,3,0.3003401755912007,0
Shop 405,23,11,26612.8704,3.6631775461344063,1,3,4,3,3,1.0,1
Shop 406,40,7,8443.1832,4.55477021122017,1,2,3,2,2,0.4116129529674934,0
Shop 407,6,28,42529.2768,2.2986918543703743,1,5,5,5,4,1.0,1
Shop 408,10,17,27478.2824,4.806381146546366,1,4,3,4,3,0.8026713238253517,1
Shop 409,16,24,172054.00639999998,0.7285377597630531,1,3,5,5,5,1.0,1
Shop 410,25,8,195124.8,4.8570201398396415,0,3,3,2,5,0.264511780346207,0
Shop 411,12,8,17794.163999999997,4.461539682709448,0,4,4,2,3,0.1559421178137809,0
Shop 412,6,24,31118.3936,5.939540587870883,1,5,2,5,4,1.0,1
Shop 413,5,5,6036.8328,4.111193319281451,0,5,4,1,1,0.02511570387214566,0
Shop 414,13,12,29707.208,6.767124256713662,1,4,1,3,4,0.6036032888008923,1
Shop 415,17,13,8732.047199999999,2.3267105549760876,1,3,5,3,2,0.5170393938485668,1
Shop 416,13,11,10279.027199999999,4.325801246557179,0,4,4,3,2,0.6210980601057063,1
Shop 417,4,6,10051.712,4.517800098847038,0,5,3,2,2,0.06534134171868489,0
Shop 418,17,9,67901.8728,8.042270882521468,0,3,1,2,5,0.4531329500499037,0
Shop 419,26,6,4108.052,3.727128176551544,1,2,4,2,1,0.9942942583732058,1
Shop 420,19,11,37831.6496,5.8327531215332735,1,3,2,3,4,1.0,1
Shop 421,25,23,62949.176799999994,5.037984614149756,1,3,3,5,5,1.0,1
Shop 422,6,13,31959.4976,2.275757413796594,1,5,5,3,4,1.0,1
Shop 423,25,19,30933.0864,5.1655861374092495,1,3,3,4,4,1.0,1
Shop 424,13,9,13129.576799999999,4.05003208447626,1,4,4,2,2,0.30195891078678927,0
Shop 425,18,23,26696.603199999998,4.166792862829511,1,3,4,5,3,1.0,1
Shop 426,6,78,262020.0384,4.844952203183015,1,5,3,5,5,1.0,1
Shop 427,6,23,222335.64719999998,14.968644398019935,1,5,1,5,5,1.0,1
Shop 428,6,24,304081.3272,13.846208208904649,1,5,1,5,5,1.0,1
Shop 429,74,4,13514.4456,8.198052047255569,0,1,1,1,2,0.0844721215579699,0
Shop 430,17,9,69961.492,9.665444785744459,1,3,1,2,5,0.4531329500499037,0
Shop 431,62,2,511.4592,2.449489742783178,0,1,5,1,1,0.09446510081257907,0
Shop 432,4,27,31903.943199999998,4.934771669345141,1,5,3,5,4,1.0,1
Shop 433,6,4,17981.075999999997,6.1646134828553425,0,5,2,1,3,0.09534134171868487,0
Shop 434,96,8,4296.9936,3.168975511768019,1,1,5,2,1,0.695947205074395,1
Shop 435,18,13,11418.1048,3.1850395583827122,1,3,5,3,2,0.5170393938485668,1
Shop 436,6,15,123223.85999999999,6.263164933428607,0,5,2,4,5,0.5938854937425329,1
Shop 437,58,5,3776.7551999999996,3.452133213396955,0,1,5,1,1,0.09446510081257907,0
Shop 438,25,24,86734.24799999999,11.201642867212895,1,3,1,5,5,1.0,1
Shop 439,24,16,95316.24639999999,7.722545288665643,1,3,1,4,5,1.0,1
Shop 440,31,17,54476.965599999996,6.573576157297462,0,2,2,4,4,0.7375302413913363,1
Shop 441,19,22,29121.456,4.797984132854925,1,3,3,4,4,1.0,1
Shop 442,5,14,10761.2696,3.018289829019853,1,5,5,3,2,0.6851090625993819,1
Shop 443,10,19,24596.0144,6.128939593064996,1,4,2,4,3,0.9449655493143134,1
Shop 444,25,19,39293.056,5.208582993009809,1,3,3,4,4,1.0,1
Shop 445,19,15,26981.502399999998,6.761612157396844,1,3,1,4,3,0.9533379888268156,1
Shop 446,47,9,8745.1216,4.347033924106739,0,2,4,2,2,0.7764144484069953,1
Shop 447,19,7,6799.7735999999995,4.1721282398555175,1,3,4,2,1,0.590418255799146,1
Shop 448,2,13,15454.224,4.870389945567839,1,5,3,3,2,0.9880083780174974,1
Shop 449,3,14,13495.990399999999,2.8460681522961506,0,5,5,3,2,0.6851090625993819,1
Shop 450,11,24,48432.0144,4.835173755851888,1,4,3,5,4,1.0,1
Shop 451,10,61,507789.9664,4.513630323410765,1,4,3,5,5,1.0,1
Shop 452,12,6,5743.296,5.05078121280562,1,4,3,2,1,0.4485399055964659,0
Shop 453,2,11,7431.4983999999995,2.4937920577144768,1,5,5,3,2,0.6851090625993819,1
Shop 454,5,14,12875.3104,5.022706150585907,1,5,3,3,2,0.9880083780174974,1
Shop 455,11,8,6303.4655999999995,2.658218866138947,1,4,5,2,1,0.6444086539414566,1
Shop 456,13,42,46327.1304,4.135257101900594,1,4,4,5,4,1.0,1
Shop 457,34,8,13373.9784,6.628106928900465,1,2,2,2,2,0.8331781485857738,1
Shop 458,5,57,220815.1936,7.639941465719209,1,5,1,5,5,1.0,1
Shop 459,40,7,6594.5008,2.693714765855084,1,2,5,2,1,0.6143046909552258,1
Shop 460,2,37,134238.4992,2.8879902666253896,1,5,5,5,5,1.0,1
Shop 461,4,12,21071.212799999998,5.598948211516702,0,5,2,3,3,0.19455736974201315,0
Shop 462,44,6,16614.9664,4.627382762737129,1,2,3,2,3,0.979632185524789,1
Shop 463,23,6,4618.1424,3.2135718484510707,1,3,5,2,1,0.3833606554180303,0
Shop 464,360,9,20225.4832,3.950968106632213,0,1,4,2,3,0.03755125555237017,0
Shop 465,16,7,2392.4736,2.7367932076359653,0,3,5,2,1,0.3833606554180303,0
Shop 466,6,49,74376.3912,4.355508006609035,1,5,4,5,5,1.0,1
Shop 467,18,43,218998.1824,5.668270666696051,1,3,2,5,5,1.0,1
Shop 468,20,40,263436.0856,10.907593561959064,1,3,1,5,5,1.0,1
Shop 469,12,66,365877.6912,6.178182797793284,1,4,2,5,5,1.0,1
Shop 470,186,13,33122.6944,10.071530621675272,0,1,1,3,4,0.07567184170205754,0
Shop 471,125,1,1618.2048,0.0,1,1,5,1,1,0.09446510081257907,0
Shop 472,18,7,11290.6176,4.834590938190487,1,3,3,2,2,0.7475192776480739,1
Shop 473,13,7,3375.272,3.152708625006794,1,4,5,2,1,0.6444086539414566,1
Shop 474,160,1,198.94799999999998,0.0,0,1,5,1,1,0.09446510081257907,0
Shop 475,9,5,15389.9376,7.6425015152499975,0,4,1,1,2,0.06001396648044692,0
Shop 476,38,14,32673.02,4.910242405470475,1,2,3,3,4,0.9860050251256282,1
Shop 477,3,14,22899.552,4.9996556297191805,1,5,3,3,3,0.24130689520468615,0
Shop 478,10,1,1960.1216,0.0,1,4,5,1,1,0.7337305037646495,1
Shop 479,6,12,47211.7056,3.985487312338244,1,5,4,3,4,0.9893430139524437,1
Shop 480,16,27,115139.1608,8.492302935749548,1,3,1,5,5,1.0,1
Shop 481,206,3,11060.376,8.940064032095027,0,1,1,1,2,0.0844721215579699,0
Shop 482,6,22,48557.6136,5.511494838310296,1,5,2,4,4,1.0,1
Shop 483,299,1,2535.348,0.0,0,1,5,1,1,0.09446510081257907,0
Shop 484,20,9,19620.4264,5.1236122392489465,1,3,3,2,3,0.5336966434186671,1
Shop 485,90,8,11917.3392,5.314437391798002,0,1,3,2,2,0.0,0
Shop 486,6,29,161121.96719999998,6.565956809686164,1,5,2,5,5,0.615753991865622,1
Shop 487,3,18,49398.3872,6.641867043037315,1,5,2,4,4,1.0,1
Shop 488,16,20,40519.4064,5.177413652371495,1,3,3,4,4,1.0,1
Shop 489,19,7,15923.722399999999,7.976271264218492,0,3,1,2,2,0.2305176421231453,0
Shop 490,6,29,48688.310399999995,6.531531350799597,1,5,2,5,4,1.0,1
Shop 491,124,4,4588.9728,4.763013664888831,1,1,3,1,1,0.2482121194520469,0
Shop 492,124,1,424.79999999999995,0.0,1,1,5,1,1,0.09446510081257907,0
Shop 493,12,19,77224.34479999999,7.561499024196361,1,4,1,4,5,1.0,1
Shop 494,5,19,71257.60399999999,6.780814318037719,1,5,1,4,5,1.0,1
Shop 495,39,17,31423.1168,5.548946496739144,1,2,2,4,4,0.7375302413913363,1
Shop 496,6,12,9215.9888,4.685643618098121,1,5,3,3,2,0.9880083780174974,1
Shop 497,18,16,17918.583199999997,3.6331154987745973,1,3,4,4,3,0.7464322998167319,1
Shop 498,10,19,32939.5584,5.0546621028964,1,4,3,4,4,1.0,1
Shop 499,6,20,59397.3296,7.238681135971989,1,5,1,4,5,1.0,1
Shop 500,65,2,3132.192,5.830951894845301,0,1,2,1,1,0.11094012597462946,0
Shop 501,20,16,15124.296,4.100796150483845,1,3,4,4,2,0.9321046780830062,1
Shop 502,19,12,36354.2896,6.504582885732429,1,3,2,3,4,1.0,1
Shop 503,4,21,85099.4288,7.23466735394816,1,5,1,4,5,1.0,1
Shop 504,19,13,37315.4232,7.7971318065363615,1,3,1,3,4,1.0,1
Shop 505,23,20,68904.0232,7.110994953868912,1,3,1,4,5,1.0,1
Shop 506,17,8,51081.1144,8.522999544397686,1,3,1,2,4,0.9361884949061071,1
Shop 507,9,21,65822.9016,7.437150137765673,1,4,1,4,5,1.0,1
Shop 508,17,13,33377.6216,5.760701051423562,1,3,2,3,4,1.0,1
Shop 509,25,26,59424.6584,7.1788963858707335,1,3,1,5,5,1.0,1
Shop 510,6,22,106971.1064,6.712490812653097,1,5,1,4,5,1.0,1
Shop 511,2,16,29173.7064,7.135850575878682,1,5,1,4,4,0.99,1
Shop 512,33,18,79391.2968,8.375611734783517,1,2,1,4,5,0.9933379888268157,1
Shop 513,12,25,68738.1624,5.534822543676991,1,4,2,5,5,1.0,1
Shop 514,5,15,83714.5808,13.17494593865443,1,5,1,4,5,1.0,1
Shop 515,13,9,4719.2447999999995,2.3407007335545162,0,4,5,2,1,0.6444086539414566,1
Shop 516,3,19,91689.6816,10.868433413655803,1,5,1,4,5,1.0,1
Shop 517,18,27,67330.3752,5.900981912480561,1,3,2,5,5,1.0,1
Shop 518,12,16,14281.1152,3.436209083115292,1,4,5,4,2,1.0,1
Shop 519,10,15,66565.7352,10.19703962444432,1,4,1,4,5,1.0,1
Shop 520,555,1,4087.8504,0.0,0,1,5,1,1,0.09446510081257907,0
Shop 521,2,30,110597.0576,7.956035569495094,1,5,1,5,5,1.0,1
Shop 522,6,15,59096.9488,5.526577275351632,1,5,2,4,4,1.0,1
Shop 523,17,27,76506.1496,6.038873208934197,1,3,2,5,5,1.0,1
Shop 524,25,15,49994.523199999996,6.700598846985764,1,3,1,4,4,1.0,1
Shop 525,13,14,103607.8704,7.884423983687228,1,4,1,3,5,0.9790119413858328,1
Shop 526,16,29,156025.5,2.4771719956108873,1,3,5,5,5,1.0,1
Shop 527,12,11,23853.1808,1.8263734936776497,0,4,5,3,3,0.34,0
Shop 528,3,25,70226.66159999999,5.813765743712259,0,5,2,5,5,0.615753991865622,1
Shop 529,75,5,2974.8271999999997,2.6879844524599963,1,1,5,1,1,0.09446510081257907,0
Shop 530,5,17,28038.451999999997,4.32514304908259,1,5,4,4,3,0.7717367425609052,1
Shop 531,171,2,1677.6768,3.872983346207417,0,1,4,1,1,0.11453527858751932,0
Shop 532,27,5,14336.8112,8.245304683415618,0,2,1,1,2,0.04538941788447075,0
Shop 533,132,1,15504.916799999999,0.0,0,1,5,1,2,0.0403021495232702,0
Shop 534,160,1,212.39999999999998,0.0,0,1,5,1,1,0.09446510081257907,0
Shop 535,26,17,20188.1008,3.625133374878757,1,2,4,4,3,0.8180365566763235,1
Shop 536,10,15,78486.1896,8.153181182026806,1,4,1,4,5,1.0,1
Shop 537,118,21,191529.34,7.258245879515049,0,1,1,4,5,0.04,0
Shop 538,167,37,33206.8048,3.520638783532162,0,1,4,5,4,0.056671318911374745,0
Shop 539,10,29,29236.907199999998,4.455808869039796,1,4,4,5,4,1.0,1
Shop 540,202,2,13356.561599999999,10.295630140986999,0,1,1,1,2,0.0844721215579699,0
Shop 541,34,20,28893.007999999998,5.359775425212656,1,2,3,4,4,0.9701193421553381,1
Shop 542,52,3,8052.6503999999995,8.360952746715148,0,2,1,1,2,0.04538941788447075,0
Shop 543,472,5,6147.092,5.109439432230908,0,1,3,1,1,0.2482121194520469,0
Shop 544,2,29,51073.609599999996,5.141758352280146,1,5,3,5,4,1.0,1
Shop 545,25,22,90580.4816,10.825388755243292,1,3,1,4,5,1.0,1
Shop 546,6,35,94527.7704,5.179728050190633,1,5,3,5,5,1.0,1
Shop 547,6,13,22727.0832,6.10975772199465,0,5,2,3,3,0.19455736974201315,0
Shop 548,4,23,82997.7072,5.776640113709105,1,5,2,5,5,0.615753991865622,1
Shop 549,41,8,11302.511999999999,3.0368152240924946,0,2,5,2,2,0.7006624774187274,1
Shop 550,2,20,50464.965599999996,5.8178711674039,1,5,2,4,4,1.0,1
Shop 551,20,9,7449.576,4.135139671212984,0,3,4,2,2,0.7433241457715819,1
Shop 552,33,3,1426.2896,2.7529591775882127,0,2,5,1,1,0.15547781197210583,0
Shop 553,16,16,24734.593599999997,3.9903410294216375,1,3,4,4,3,0.7464322998167319,1
Shop 554,5,53,179274.096,6.773912134513104,1,5,1,5,5,1.0,1
Shop 555,6,19,21253.4048,4.47494490585524,1,5,4,4,3,0.7717367425609052,1
Shop 556,521,1,3461.3176,0.0,0,1,5,1,1,0.09446510081257907,0
Shop 557,2,6,4790.9416,3.5701159149801924,1,5,4,2,1,0.5863009150568046,1
Shop 558,16,6,15322.960799999999,5.468275226510776,1,3,2,2,2,0.5938888919794851,1
Shop 559,51,1,2988.9872,0.0,1,2,5,1,1,0.15547781197210583,0
Shop 560,10,2,10566.7584,5.385164807134505,0,4,2,1,2,0.11200335289186925,0
Shop 561,17,5,28818.573599999996,4.097747843642059,0,3,4,1,4,0.2434344906164201,0
Shop 562,69,15,56835.691199999994,7.421263050479479,1,1,1,4,4,0.5647691265513666,1
Shop 563,6,26,168210.888,8.081326198848497,1,5,1,5,5,1.0,1
Shop 564,12,52,85977.632,4.960672622401113,1,4,3,5,5,1.0,1
Shop 565,109,3,1931.8488,3.240445708197398,1,1,5,1,1,0.09446510081257907,0
Shop 566,24,14,18193.7592,4.798183946955829,1,3,3,3,3,0.9846510538333847,1
Shop 567,6,12,15050.380799999999,3.6355662820798433,1,5,4,3,2,0.7626888962719016,1
Shop 568,68,16,115472.2512,4.49300133188052,0,1,4,4,5,0.01,0
Shop 569,6,48,107483.1792,8.31114868935031,1,5,1,5,5,1.0,1
Shop 570,17,12,24708.822399999997,5.811914066284713,1,3,2,3,3,1.0,1
Shop 571,5,10,9612.2328,4.1203882890019194,1,5,4,2,2,0.6671770236292222,1
Shop 572,2,15,14427.9072,3.2630172921842755,1,5,5,4,2,1.0,1
Shop 573,5,34,194927.504,11.367994310005328,1,5,1,5,5,1.0,1
Shop 574,9,14,14112.8472,4.058700225848525,1,4,4,3,2,0.6210980601057063,1
Shop 575,150,3,1911.9304,4.12053537482188,1,1,4,1,1,0.11453527858751932,0
Shop 576,12,3,26658.6072,6.152557003634271,1,4,2,1,3,0.69,1
Shop 577,2,24,64635.774399999995,4.130920195638506,1,5,4,5,5,1.0,1
Shop 578,6,4,3190.0592,3.9068115559025025,0,5,4,1,1,0.02511570387214566,0
Shop 579,23,8,6665.9616,3.766792436151338,0,3,4,2,1,0.590418255799146,1
Shop 580,11,16,49186.9784,9.510504586006054,1,4,1,4,4,0.9892960794081983,1
Shop 581,26,11,27441.9856,5.543211396853167,1,2,2,3,3,0.9503735083880471,1
Shop 582,12,16,21650.2152,4.1401787524123295,1,4,4,4,3,0.985984938758969,1
Shop 583,40,7,8785.5248,2.864931546683893,1,2,5,2,2,0.7006624774187274,1
Shop 584,10,6,7983.3135999999995,5.73780592677226,0,4,2,2,2,0.46782259025529416,0
Shop 585,100,6,15803.3624,6.214045056938401,1,1,2,2,2,0.2298955444357568,0
Shop 586,12,21,74891.768,7.823937057840104,1,4,1,4,5,1.0,1
Shop 587,12,20,16555.7304,3.2288080627791182,1,4,5,4,3,0.98,1
Shop 588,9,22,32098.9264,4.235369574320487,1,4,4,4,4,0.97834322442891,1
Shop 589,6,42,775730.8672,2.501120093799429,1,5,5,5,5,1.0,1
Shop 590,23,21,111976.05279999999,4.008222370773066,1,3,4,4,5,0.9933379888268157,1
Shop 591,144,13,104874.624,3.40333381676353,0,1,5,3,5,0.0,0
Shop 592,12,11,27363.3032,6.262026285892045,1,4,2,3,3,0.6343249475762897,1
Shop 593,74,4,2449.8215999999998,3.0026985108577646,0,1,5,1,1,0.09446510081257907,0
Shop 594,13,16,76525.1712,2.0738996487053685,1,4,5,4,5,1.0,1
Shop 595,12,18,130169.62319999999,6.612990015713092,1,4,2,4,5,0.7188382116818527,1
Shop 596,18,8,11173.7976,4.279749389236141,1,3,4,2,2,0.7433241457715819,1
Shop 597,5,53,113029.0848,5.830003713570906,1,5,2,5,5,0.615753991865622,1
Shop 598,4,11,14738.766399999999,4.123824277340904,1,5,4,3,2,0.7626888962719016,1
Shop 599,17,18,43358.628,5.900812934229036,1,3,2,4,4,1.0,1
Shop 600,13,22,203933.736,11.309998789215152,1,4,1,4,5,1.0,1
Shop 601,30,21,54268.5776,5.9218623992450485,1,2,2,4,4,0.7375302413913363,1
Shop 602,47,12,9423.243999999999,3.1422181342121362,1,2,5,3,2,0.9831555093093058,1
Shop 603,6,24,80543.82639999999,5.6890994472576715,1,5,2,5,5,0.615753991865622,1
Shop 604,6,9,22445.6296,5.600364000964266,0,5,2,2,3,0.25708001843396616,0
Shop 605,2,24,90389.79359999999,5.909474158943752,1,5,2,5,5,0.615753991865622,1
Shop 606,30,15,15824.4136,4.770181650052908,1,2,3,4,2,0.7000487588716925,1
Shop 607,11,17,63898.8408,3.3578087851574545,1,4,5,4,5,1.0,1
Shop 608,26,9,9700.968799999999,3.526350110498356,1,2,4,2,2,0.7764144484069953,1
Shop 609,12,28,99482.3072,5.90078517917612,1,4,2,5,5,1.0,1
Shop 610,109,14,9987.047999999999,3.0253094945188974,0,1,5,3,2,0.2577366641735228,0
Shop 611,12,11,19735.264,5.763180328120938,1,4,2,3,3,0.6343249475762897,1
Shop 612,5,23,48340.7296,5.417565561306311,1,5,2,5,4,1.0,1
Shop 613,5,13,12990.2424,3.6674691822674896,1,5,4,3,2,0.7626888962719016,1
Shop 614,80,13,18334.4624,4.897752018384244,1,1,3,3,3,0.3003401755912007,0
Shop 615,3,21,23625.110399999998,1.0062720544888326,1,5,5,4,3,1.0,1
Shop 616,5,28,36526.191999999995,4.79588567001329,1,5,3,5,4,1.0,1
Shop 617,55,8,21520.7456,5.455693618020071,1,1,2,2,3,0.1770119595942064,0
Shop 618,20,13,12167.2632,3.454465140926657,0,3,5,3,2,0.5170393938485668,1
Shop 619,445,4,4877.223199999999,5.246280841686014,0,1,3,1,1,0.2482121194520469,0
Shop 620,27,15,9142.64,2.40193862719961,1,2,5,4,2,0.5060121240733639,1
Shop 621,31,4,4167.3823999999995,3.5649860171233128,0,2,4,1,1,0.22256626423718653,0
Shop 622,17,4,16432.0664,7.031513970893963,0,3,1,1,3,0.26268603632923904,0
Shop 623,6,21,23471.4744,4.144957413770607,0,5,4,4,3,0.7717367425609052,1
Shop 624,31,11,13790.2352,4.5938879214632165,1,2,3,3,2,0.6284328557910535,1
Shop 625,11,31,43370.1448,3.9936370826662784,1,4,4,5,4,1.0,1
Shop 626,4,95,267914.1384,4.049875886671927,1,5,4,5,5,1.0,1
Shop 627,17,5,1859.7744,1.8733252740749597,1,3,5,1,1,0.44360462529871036,0
Shop 628,298,1,943.6224,0.0,0,1,5,1,1,0.09446510081257907,0
Shop 629,6,19,27516.3256,4.073266142735802,1,5,4,4,3,0.7717367425609052,1
Shop 630,3,36,100494.5584,5.493892511978927,1,5,2,5,5,0.615753991865622,1
Shop 631,67,6,3814.3735999999994,3.2894550225191033,1,1,5,2,1,0.695947205074395,1
Shop 632,16,33,87829.6656,1.8734242705399864,1,3,5,5,5,1.0,1
Shop 633,13,12,14744.005599999999,5.08921845910717,1,4,3,3,2,0.8271576003907913,1
Shop 634,40,6,4123.6752,2.758596231197354,1,2,5,2,1,0.6143046909552258,1
Shop 635,5,53,156236.6728,6.695100636749721,1,5,1,5,5,1.0,1
Shop 636,34,7,13445.627999999999,5.248615671616148,0,2,3,2,2,0.4116129529674934,0
Shop 637,559,1,3324.768,0.0,0,1,5,1,1,0.09446510081257907,0
Shop 638,25,27,47487.6368,5.053586297413407,1,3,3,5,4,1.0,1
Shop 639,6,23,28408.028,4.518986395228578,1,5,3,5,4,1.0,1
Shop 640,530,2,3843.2128,4.242640687119285,0,1,4,1,1,0.11453527858751932,0
Shop 641,2,20,23034.2136,4.562642243994696,0,5,3,4,3,0.10890310644010018,0
Shop 642,6,15,34088.972799999996,5.056211470746879,1,5,3,4,4,0.9620033528918692,1
Shop 643,459,8,17548.2992,5.755236821269999,0,1,2,2,3,0.1770119595942064,0
Shop 644,10,10,16069.3344,7.657191824812942,0,4,1,2,3,0.363297602989254,0
Shop 645,3,6,28033.7792,9.306405664495044,0,5,1,2,3,0.15850292634611546,0
Shop 646,41,7,11367.0816,4.834993032336142,0,2,3,2,2,0.4116129529674934,0
Shop 647,305,10,22592.8936,5.949537249651182,0,1,2,2,3,0.1770119595942064,0
Shop 648,33,12,37608.4408,7.078384472973143,1,2,1,3,4,0.6781590541190222,1
Shop 649,19,17,19101.698399999997,6.2513295713336126,1,3,2,4,3,0.99,1
Shop 650,3,6,4155.393599999999,2.6157376022468353,1,5,5,2,1,0.6152040743315014,1
Shop 651,45,17,62999.9168,7.08945616900062,1,2,1,4,5,0.9933379888268157,1
Shop 652,19,11,7399.4024,2.755143752652778,0,3,5,3,2,0.5170393938485668,1
Shop 653,12,46,1027126.1856,3.9130684410788192,1,4,4,5,5,1.0,1
Shop 654,11,18,188342.63199999998,4.776550898379691,1,4,3,4,5,0.9474556156755826,1
Shop 655,48,3,6003.9816,5.628316795219531,0,2,2,1,1,0.5150370335477286,1
Shop 656,30,11,23305.094399999998,5.015035371103593,1,2,3,3,3,0.7198035409191115,1
Shop 657,27,18,42732.284,4.8947604682878225,1,2,3,4,4,0.9701193421553381,1
Shop 658,18,7,7914.5904,3.3841718230725095,1,3,5,2,2,0.8133368998236773,1
Shop 659,19,22,51935.7648,5.634721490656827,1,3,2,4,4,1.0,1
Shop 660,4,12,11962.132,3.235509599232501,1,5,5,3,2,0.6851090625993819,1
Shop 661,207,2,1464.0023999999999,4.898979485566356,0,1,3,1,1,0.2482121194520469,0
Shop 663,5,2,1137.3312,3.162277660168379,0,5,5,1,1,0.2081615140137419,0
Shop 664,5,5,7230.709599999999,5.55637672425959,0,5,2,1,1,0.2040797446295635,0
Shop 665,4,5,11388.982399999999,4.710794465795353,0,5,3,1,2,0.46829959867709037,0
Shop 666,25,5,12387.8288,5.82119699012056,0,3,2,1,2,0.44199351738949644,0
Shop 667,79,10,30382.309599999997,7.134412542138445,0,1,1,2,4,0.12073428538067513,0
Shop 668,537,1,843.9359999999999,0.0,0,1,5,1,1,0.09446510081257907,0
Shop 669,89,11,13078.4592,4.404531875408801,1,1,4,3,2,0.7947487479437447,1
Shop 670,529,2,4421.5072,5.744562646538028,0,1,2,1,1,0.11094012597462946,0
Shop 671,23,17,32695.0624,3.215264547462886,1,3,5,4,4,1.0,1
Shop 672,129,2,1649.9232,3.1622776601683795,0,1,5,1,1,0.09446510081257907,0
Shop 673,530,2,4987.388,6.557438524302,0,1,2,1,1,0.11094012597462946,0
Shop 674,30,11,12978.82,4.050977805572866,1,2,4,3,2,0.9763046679021619,1
Shop 675,39,2,2525.2943999999998,4.690415759823429,0,2,3,1,1,0.3635306278802872,0
Shop 676,6,5,8382.5312,4.310686421701918,0,5,4,1,2,0.15403784082776095,0
Shop 677,6,7,13528.511199999999,5.369813310745643,0,5,3,2,2,0.06534134171868489,0
Shop 678,2,19,18087.7008,3.876863305889667,1,5,4,4,3,0.7717367425609052,1
Shop 679,458,3,11667.0376,8.009208072874456,0,1,1,1,2,0.0844721215579699,0
Shop 680,20,8,7895.3328,4.193653798160076,1,3,4,2,2,0.7433241457715819,1
Shop 681,4,5,6245.1264,3.3900178496073945,1,5,5,1,1,0.2081615140137419,0
Shop 682,458,3,14630.82,7.597001658631406,0,1,1,1,2,0.0844721215579699,0
Shop 683,13,28,330957.9984,2.134498754760364,1,4,5,5,5,1.0,1
Shop 684,6,10,12043.8352,5.817341879027361,1,5,2,2,2,0.7671097709495512,1
Shop 685,52,10,29063.1168,7.1919172302268715,1,2,1,2,4,0.5172482792693881,1
Shop 686,13,13,17320.842399999998,3.8203024139340767,1,4,4,3,3,0.8797951639020637,1
Shop 687,4,5,6038.0599999999995,5.106897129076381,0,5,3,1,1,0.284863339435892,0
Shop 688,132,8,22556.124799999998,6.4252262075783,0,1,2,2,3,0.1770119595942064,0
Shop 689,41,4,19880.0736,6.934917332622754,1,2,1,1,3,0.6334344906164202,1
Shop 690,20,39,71668.6688,5.676782811728918,1,3,2,5,5,1.0,1
Shop 691,24,30,57290.3688,4.995524910056962,1,3,3,5,4,1.0,1
Shop 692,10,13,33190.6624,6.497288476651014,1,4,2,3,4,0.9971471291866029,1
Shop 693,389,2,1223.424,3.464101615137754,0,1,5,1,1,0.09446510081257907,0
Shop 694,163,5,7152.499199999999,4.094347563069495,1,1,4,1,1,0.11453527858751932,0
Shop 695,40,1,2111.8224,0.0,0,2,5,1,1,0.15547781197210583,0
Shop 696,33,11,28926.142399999997,6.0608230645958185,1,2,2,3,4,0.9705943482422679,1
Shop 697,11,11,53703.5936,9.108285481788371,0,4,1,3,4,0.6036032888008923,1
Shop 698,18,6,9096.4784,5.118711808149327,1,3,3,2,2,0.7475192776480739,1
Shop 699,6,8,43016.5224,9.088148382412893,1,5,1,2,4,0.8366646950967807,1
Shop 700,25,18,38384.5504,5.752252195605663,1,3,2,4,4,1.0,1
Shop 701,27,12,34470.2544,6.3968510915447565,1,2,2,3,4,0.9705943482422679,1
Shop 702,20,20,97229.4984,8.414310807807544,1,3,1,4,5,1.0,1
Shop 703,16,8,47817.659199999995,6.500244450796002,1,3,2,2,4,0.9925039287585123,1
Shop 704,13,12,32660.087199999998,5.848164744262347,1,4,2,3,4,0.9971471291866029,1
Shop 705,54,15,64232.167199999996,5.933203317650786,0,2,2,4,5,0.4833323470187777,0
Shop 706,19,23,26507.142399999997,4.305908037854168,1,3,4,5,3,1.0,1
Shop 707,20,13,19543.631999999998,4.563064530237707,1,3,3,3,3,0.9846510538333847,1
Shop 708,160,3,1370.6879999999999,2.7484828043123826,1,1,5,1,1,0.09446510081257907,0
Shop 709,4,1,73.63199999999999,0.0,0,5,5,1,1,0.2081615140137419,0
Shop 710,18,40,46791.6728,4.04398977155003,1,3,4,5,4,1.0,1
Shop 711,13,19,16183.086399999998,3.683917812319608,1,4,4,4,3,0.985984938758969,1
Shop 712,25,14,22722.599199999997,3.9287741835016003,1,3,4,3,3,1.0,1
Shop 713,34,12,27981.6704,5.206036015809618,1,2,3,3,3,0.7198035409191115,1
Shop 714,4,29,41024.0216,6.840310213298289,1,5,1,5,4,1.0,1
Shop 715,4,26,75843.1312,7.273172721335403,1,5,1,5,5,1.0,1
Shop 716,4,5,11656.039999999999,5.168312481723388,1,5,3,1,2,0.46829959867709037,0
Shop 717,25,13,48340.2576,5.465160175584489,1,3,2,3,4,1.0,1
Shop 718,46,17,54230.015199999994,5.666786303989342,1,2,2,4,4,0.7375302413913363,1
Shop 719,31,16,20301.8056,5.162961029618064,0,2,3,4,3,0.18789846237404814,0
Shop 720,6,5,16712.104,3.908605277276764,1,5,4,1,3,0.6483432244289099,1
Shop 721,6,13,24486.604799999997,5.373290913946747,1,5,2,3,3,0.19455736974201315,0
Shop 722,27,6,3263.0304,2.7004193663767753,0,2,5,2,1,0.6143046909552258,1
